2026-08-02T10:06:26.4765890Z State: Starting, Action: EstablishingSiteNetworks, LastError: , LastErrorTimestamp: 01/01/0001 00:00:00, LastErrorDetails: , Details: , DetailsLevel: INFO
2026-08-02T10:06:29.5459933Z State: Starting, Action: StartingSiteContainers, LastError: , LastErrorTimestamp: 01/01/0001 00:00:00, LastErrorDetails: , Details: , DetailsLevel: INFO
2026-08-02T10:06:29.5460960Z Container start method called.
2026-08-02T10:06:29.5553174Z State: Starting, Action: PullingImage, LastError: , LastErrorTimestamp: 01/01/0001 00:00:00, LastErrorDetails: , Details: Pulling image 10.1.0.5:13209/appsvc/php:8.4-fpm_20260428.5.tuxprod for qualityiq., DetailsLevel: INFO
2026-08-02T10:06:29.5554313Z Establishing network.
2026-08-02T10:06:29.5555397Z Pulling image: appsvc/php:8.4-fpm_20260428.5.tuxprod.
2026-08-02T10:08:42.6389455Z Image appsvc/php:8.4-fpm_20260428.5.tuxprod is pulled from registry 10.1.0.5:13209
2026-08-02T10:08:42.6494168Z Container is starting.
2026-08-02T10:08:42.7148573Z State: Starting, Action: MountingVolumes, LastError: , LastErrorTimestamp: 01/01/0001 00:00:00, LastErrorDetails: , Details: Mounting volumes for qualityiq., DetailsLevel: INFO
2026-08-02T10:08:42.7206610Z Establishing user namespace if not established already.
2026-08-02T10:08:42.7236377Z Establishing network if not established already.
2026-08-02T10:08:42.7311467Z Mounting volumes.
2026-08-02T10:08:42.7502040Z Nested mountpoint 
2026-08-02T10:08:42.8343535Z Nested mountpoint volatile/logs
2026-08-02T10:08:43.0782101Z Nested mountpoint 
2026-08-02T10:08:43.1685432Z Nested mountpoint 
2026-08-02T10:08:43.3725090Z State: Starting, Action: CreatingContainer, LastError: , LastErrorTimestamp: 01/01/0001 00:00:00, LastErrorDetails: , Details: Finished pulling container image and mounting volumes for qualityiq. Allocatinng the rest of the container resources to finish container creation., DetailsLevel: INFO
2026-08-02T10:08:43.3727458Z Creating container.
2026-08-02T10:08:43.3728225Z Creating pipes for streaming container io.
2026-08-02T10:08:43.3729114Z Creating stdout named pipe at /podr/container/pipe/85b20c32fa52_qualityiq/stdout_5b82f838fcb542e2920ea9951048d68a.
2026-08-02T10:08:43.3891795Z Successfully created stdout named pipe at: /podr/container/pipe/85b20c32fa52_qualityiq/stdout_5b82f838fcb542e2920ea9951048d68a.
2026-08-02T10:08:43.3909779Z Opening named pipe /podr/container/pipe/85b20c32fa52_qualityiq/stdout_5b82f838fcb542e2920ea9951048d68a for reading in non-blocking mode.
2026-08-02T10:08:43.4094659Z Successfully opened named pipe: /podr/container/pipe/85b20c32fa52_qualityiq/stdout_5b82f838fcb542e2920ea9951048d68a.
2026-08-02T10:08:43.4095840Z Successfully removed non-blocking flag from /podr/container/pipe/85b20c32fa52_qualityiq/stdout_5b82f838fcb542e2920ea9951048d68a.
2026-08-02T10:08:43.4350666Z Creating stderr named pipe at /podr/container/pipe/85b20c32fa52_qualityiq/stderr_c29fce806b614bbb9c9191f14e719147.
2026-08-02T10:08:43.4352509Z Successfully created stderr named pipe at: /podr/container/pipe/85b20c32fa52_qualityiq/stderr_c29fce806b614bbb9c9191f14e719147.
2026-08-02T10:08:43.4353102Z Opening named pipe /podr/container/pipe/85b20c32fa52_qualityiq/stderr_c29fce806b614bbb9c9191f14e719147 for reading in non-blocking mode.
2026-08-02T10:08:43.4353915Z Successfully opened named pipe: /podr/container/pipe/85b20c32fa52_qualityiq/stderr_c29fce806b614bbb9c9191f14e719147.
2026-08-02T10:08:43.4354494Z Successfully removed non-blocking flag from /podr/container/pipe/85b20c32fa52_qualityiq/stderr_c29fce806b614bbb9c9191f14e719147.
2026-08-02T10:08:43.4732217Z Creating container with image: appsvc/php:8.4-fpm_20260428.5.tuxprod from registry: 10.1.0.5:13209 and fully qualified image name: 10.1.0.5:13209/appsvc/php:8.4-fpm_20260428.5.tuxprod
2026-08-02T10:08:44.7330359Z Starting container: 85b20c32fa52_qualityiq.
2026-08-02T10:08:44.8580249Z Starting watchers and probes.
2026-08-02T10:08:44.8736076Z Starting metrics collection.
2026-08-02T10:08:44.8745595Z Container is running.
2026-08-02T10:08:44.8748319Z State: Starting, Action: CreatingContainer, LastError: , LastErrorTimestamp: 01/01/0001 00:00:00, LastErrorDetails: , Details: Container qualityiq successfully created and is running., DetailsLevel: INFO
2026-08-02T10:08:45.0472957Z Container start method finished after 135501 ms.
2026-08-02T10:08:45.0838822Z State: Starting, Action: InitiatingSiteWarmUpProbe, LastError: , LastErrorTimestamp: 01/01/0001 00:00:00, LastErrorDetails: , Details: Container qualityiq successfully created and is running., DetailsLevel: INFO
2026-08-02T10:08:45.0839866Z State: Starting, Action: WaitingForSiteWarmUpProbeSuccess, LastError: , LastErrorTimestamp: 01/01/0001 00:00:00, LastErrorDetails: , Details: Pinging warmup path to ensure container is ready to receive requests., DetailsLevel: INFO
2026-08-02T10:12:35.2596267Z Site startup probe failed after 230.0610021 seconds.
2026-08-02T10:12:35.7303587Z State: Starting, Action: WaitingForSiteWarmUpProbeSuccess, LastError: ContainerTimeout, LastErrorTimestamp: 08/02/2026 10:12:35, LastErrorDetails: Container did not respond to startup probe on port 8080 within the expected time limit of 230s. Port mismatch detected: the container is listening on port 80, 9000 but the platform is probing port 8080. Set the WEBSITES_PORT app setting to match the port your application listens on. If your application needs more time to start, increase WEBSITES_CONTAINER_START_TIME_LIMIT. Please inspect your container logs for more details as this could indicate an issue with your application., Details: Pinging warmup path to ensure container is ready to receive requests., DetailsLevel: ERR
2026-08-02T10:12:35.8125318Z Failed to start site. Revert by stopping site.
2026-08-02T10:12:35.8484631Z State: Stopping, Action: StoppingSite, LastError: ContainerTimeout, LastErrorTimestamp: 08/02/2026 10:12:35, LastErrorDetails: Container did not respond to startup probe on port 8080 within the expected time limit of 230s. Port mismatch detected: the container is listening on port 80, 9000 but the platform is probing port 8080. Set the WEBSITES_PORT app setting to match the port your application listens on. If your application needs more time to start, increase WEBSITES_CONTAINER_START_TIME_LIMIT. Please inspect your container logs for more details as this could indicate an issue with your application., Details: Pinging warmup path to ensure container is ready to receive requests., DetailsLevel: ERR
2026-08-02T10:12:35.8773646Z State: Stopping, Action: StoppingSiteContainers, LastError: ContainerTimeout, LastErrorTimestamp: 08/02/2026 10:12:35, LastErrorDetails: Container did not respond to startup probe on port 8080 within the expected time limit of 230s. Port mismatch detected: the container is listening on port 80, 9000 but the platform is probing port 8080. Set the WEBSITES_PORT app setting to match the port your application listens on. If your application needs more time to start, increase WEBSITES_CONTAINER_START_TIME_LIMIT. Please inspect your container logs for more details as this could indicate an issue with your application., Details: Pinging warmup path to ensure container is ready to receive requests., DetailsLevel: ERR
2026-08-02T10:12:35.8859389Z Container is terminating. Grace period: 5 seconds.
2026-08-02T10:12:35.9643204Z Stop and delete container. Retry count = 0
2026-08-02T10:12:35.9648448Z Stopping container: 85b20c32fa52_qualityiq.
2026-08-02T10:12:41.1555521Z Deleting container: 85b20c32fa52_qualityiq. Retry count = 0
2026-08-02T10:12:41.5616438Z Container spec TerminationMessagePolicy  path 
2026-08-02T10:12:41.5686848Z Container is terminated. Total time elapsed: 5676 ms.
2026-08-02T10:12:41.5688458Z Site container: qualityiq terminated during site startup.
2026-08-02T10:12:41.6384720Z State: Stopping, Action: CancellingStartup, LastError: ContainerTimeout, LastErrorTimestamp: 08/02/2026 10:12:35, LastErrorDetails: Container did not respond to startup probe on port 8080 within the expected time limit of 230s. Port mismatch detected: the container is listening on port 80, 9000 but the platform is probing port 8080. Set the WEBSITES_PORT app setting to match the port your application listens on. If your application needs more time to start, increase WEBSITES_CONTAINER_START_TIME_LIMIT. Please inspect your container logs for more details as this could indicate an issue with your application., Details: Site container: qualityiq terminated during site startup. Cancelling site startup., DetailsLevel: ERR
2026-08-02T10:12:41.6788181Z Site: qualityiq stopped.
2026-08-02T10:12:41.6882682Z State: Stopping, Action: UnmountingVolumes, LastError: ContainerTimeout, LastErrorTimestamp: 08/02/2026 10:12:35, LastErrorDetails: Container did not respond to startup probe on port 8080 within the expected time limit of 230s. Port mismatch detected: the container is listening on port 80, 9000 but the platform is probing port 8080. Set the WEBSITES_PORT app setting to match the port your application listens on. If your application needs more time to start, increase WEBSITES_CONTAINER_START_TIME_LIMIT. Please inspect your container logs for more details as this could indicate an issue with your application., Details: Site container: qualityiq terminated during site startup. Cancelling site startup., DetailsLevel: ERR
2026-08-02T10:12:42.1718181Z State: Stopping, Action: StoppingSiteNetworks, LastError: ContainerTimeout, LastErrorTimestamp: 08/02/2026 10:12:35, LastErrorDetails: Container did not respond to startup probe on port 8080 within the expected time limit of 230s. Port mismatch detected: the container is listening on port 80, 9000 but the platform is probing port 8080. Set the WEBSITES_PORT app setting to match the port your application listens on. If your application needs more time to start, increase WEBSITES_CONTAINER_START_TIME_LIMIT. Please inspect your container logs for more details as this could indicate an issue with your application., Details: Site container: qualityiq terminated during site startup. Cancelling site startup., DetailsLevel: ERR
2026-08-02T10:12:42.6681976Z State: Stopped, Action: None, LastError: ContainerTimeout, LastErrorTimestamp: 08/02/2026 10:12:35, LastErrorDetails: Container did not respond to startup probe on port 8080 within the expected time limit of 230s. Port mismatch detected: the container is listening on port 80, 9000 but the platform is probing port 8080. Set the WEBSITES_PORT app setting to match the port your application listens on. If your application needs more time to start, increase WEBSITES_CONTAINER_START_TIME_LIMIT. Please inspect your container logs for more details as this could indicate an issue with your application., Details: Site stopped at 08/02/2026 10:12:42 (UTC), DetailsLevel: ERR
2026-08-02T10:12:43.3711931Z State: Stopped, Action: None, LastError: ContainerTimeout, LastErrorTimestamp: 08/02/2026 10:12:35, LastErrorDetails: Container did not respond to startup probe on port 8080 within the expected time limit of 230s. Port mismatch detected: the container is listening on port 80, 9000 but the platform is probing port 8080. Set the WEBSITES_PORT app setting to match the port your application listens on. If your application needs more time to start, increase WEBSITES_CONTAINER_START_TIME_LIMIT. Please inspect your container logs for more details as this could indicate an issue with your application., Details: Site stopped at 08/02/2026 10:12:42 (UTC), DetailsLevel: ERR
2026-08-02T10:12:49.3534331Z State: Starting, Action: EstablishingSiteNetworks, LastError: ContainerTimeout, LastErrorTimestamp: 08/02/2026 10:12:35, LastErrorDetails: Container did not respond to startup probe on port 8080 within the expected time limit of 230s. Port mismatch detected: the container is listening on port 80, 9000 but the platform is probing port 8080. Set the WEBSITES_PORT app setting to match the port your application listens on. If your application needs more time to start, increase WEBSITES_CONTAINER_START_TIME_LIMIT. Please inspect your container logs for more details as this could indicate an issue with your application., Details: Site stopped at 08/02/2026 10:12:42 (UTC), DetailsLevel: ERR
2026-08-02T10:12:51.6257166Z State: Starting, Action: StartingSiteContainers, LastError: ContainerTimeout, LastErrorTimestamp: 08/02/2026 10:12:35, LastErrorDetails: Container did not respond to startup probe on port 8080 within the expected time limit of 230s. Port mismatch detected: the container is listening on port 80, 9000 but the platform is probing port 8080. Set the WEBSITES_PORT app setting to match the port your application listens on. If your application needs more time to start, increase WEBSITES_CONTAINER_START_TIME_LIMIT. Please inspect your container logs for more details as this could indicate an issue with your application., Details: Site stopped at 08/02/2026 10:12:42 (UTC), DetailsLevel: ERR
2026-08-02T10:12:51.6258107Z Container start method called.
2026-08-02T10:12:51.6258620Z State: Starting, Action: PullingImage, LastError: ContainerTimeout, LastErrorTimestamp: 08/02/2026 10:12:35, LastErrorDetails: Container did not respond to startup probe on port 8080 within the expected time limit of 230s. Port mismatch detected: the container is listening on port 80, 9000 but the platform is probing port 8080. Set the WEBSITES_PORT app setting to match the port your application listens on. If your application needs more time to start, increase WEBSITES_CONTAINER_START_TIME_LIMIT. Please inspect your container logs for more details as this could indicate an issue with your application., Details: Pulling image 10.1.0.5:13209/appsvc/php:8.4-fpm_20260428.5.tuxprod for qualityiq., DetailsLevel: INFO
2026-08-02T10:12:51.6259211Z Establishing network.
2026-08-02T10:12:51.6537409Z Pulling image: appsvc/php:8.4-fpm_20260428.5.tuxprod.
2026-08-02T10:12:52.1840781Z Container is starting.
2026-08-02T10:12:52.1842299Z State: Starting, Action: MountingVolumes, LastError: ContainerTimeout, LastErrorTimestamp: 08/02/2026 10:12:35, LastErrorDetails: Container did not respond to startup probe on port 8080 within the expected time limit of 230s. Port mismatch detected: the container is listening on port 80, 9000 but the platform is probing port 8080. Set the WEBSITES_PORT app setting to match the port your application listens on. If your application needs more time to start, increase WEBSITES_CONTAINER_START_TIME_LIMIT. Please inspect your container logs for more details as this could indicate an issue with your application., Details: Mounting volumes for qualityiq., DetailsLevel: INFO
2026-08-02T10:12:52.1843377Z Establishing user namespace if not established already.
2026-08-02T10:12:52.1844558Z Establishing network if not established already.
2026-08-02T10:12:52.1905339Z Mounting volumes.
2026-08-02T10:12:52.1917716Z Nested mountpoint 
2026-08-02T10:12:52.2594630Z Nested mountpoint volatile/logs
2026-08-02T10:12:52.3033912Z Nested mountpoint 
2026-08-02T10:12:52.3156917Z Nested mountpoint 
2026-08-02T10:12:52.5198674Z State: Starting, Action: CreatingContainer, LastError: ContainerTimeout, LastErrorTimestamp: 08/02/2026 10:12:35, LastErrorDetails: Container did not respond to startup probe on port 8080 within the expected time limit of 230s. Port mismatch detected: the container is listening on port 80, 9000 but the platform is probing port 8080. Set the WEBSITES_PORT app setting to match the port your application listens on. If your application needs more time to start, increase WEBSITES_CONTAINER_START_TIME_LIMIT. Please inspect your container logs for more details as this could indicate an issue with your application., Details: Finished pulling container image and mounting volumes for qualityiq. Allocatinng the rest of the container resources to finish container creation., DetailsLevel: INFO
2026-08-02T10:12:52.5200031Z Creating container.
2026-08-02T10:12:52.5201133Z Creating pipes for streaming container io.
2026-08-02T10:12:52.5202227Z Creating stdout named pipe at /podr/container/pipe/32238b7fdd7a_qualityiq/stdout_7533b1cd600c4abfbffcb8835ad24b1e.
2026-08-02T10:12:52.5246330Z Successfully created stdout named pipe at: /podr/container/pipe/32238b7fdd7a_qualityiq/stdout_7533b1cd600c4abfbffcb8835ad24b1e.
2026-08-02T10:12:52.5250541Z Opening named pipe /podr/container/pipe/32238b7fdd7a_qualityiq/stdout_7533b1cd600c4abfbffcb8835ad24b1e for reading in non-blocking mode.
2026-08-02T10:12:52.5269838Z Successfully opened named pipe: /podr/container/pipe/32238b7fdd7a_qualityiq/stdout_7533b1cd600c4abfbffcb8835ad24b1e.
2026-08-02T10:12:52.5271106Z Successfully removed non-blocking flag from /podr/container/pipe/32238b7fdd7a_qualityiq/stdout_7533b1cd600c4abfbffcb8835ad24b1e.
2026-08-02T10:12:52.5273309Z Creating stderr named pipe at /podr/container/pipe/32238b7fdd7a_qualityiq/stderr_34b26279fa4f41ef8715691c789d2876.
2026-08-02T10:12:52.5276786Z Successfully created stderr named pipe at: /podr/container/pipe/32238b7fdd7a_qualityiq/stderr_34b26279fa4f41ef8715691c789d2876.
2026-08-02T10:12:52.5278571Z Opening named pipe /podr/container/pipe/32238b7fdd7a_qualityiq/stderr_34b26279fa4f41ef8715691c789d2876 for reading in non-blocking mode.
2026-08-02T10:12:52.5280684Z Successfully opened named pipe: /podr/container/pipe/32238b7fdd7a_qualityiq/stderr_34b26279fa4f41ef8715691c789d2876.
2026-08-02T10:12:52.5281301Z Successfully removed non-blocking flag from /podr/container/pipe/32238b7fdd7a_qualityiq/stderr_34b26279fa4f41ef8715691c789d2876.
2026-08-02T10:12:52.5362654Z Creating container with image: appsvc/php:8.4-fpm_20260428.5.tuxprod from registry: 10.1.0.5:13209 and fully qualified image name: 10.1.0.5:13209/appsvc/php:8.4-fpm_20260428.5.tuxprod
2026-08-02T10:12:53.6620240Z Starting container: 32238b7fdd7a_qualityiq.
2026-08-02T10:12:53.8156095Z Starting watchers and probes.
2026-08-02T10:12:53.8312917Z Starting metrics collection.
2026-08-02T10:12:53.8322085Z Container is running.
2026-08-02T10:12:53.8341130Z State: Starting, Action: CreatingContainer, LastError: ContainerTimeout, LastErrorTimestamp: 08/02/2026 10:12:35, LastErrorDetails: Container did not respond to startup probe on port 8080 within the expected time limit of 230s. Port mismatch detected: the container is listening on port 80, 9000 but the platform is probing port 8080. Set the WEBSITES_PORT app setting to match the port your application listens on. If your application needs more time to start, increase WEBSITES_CONTAINER_START_TIME_LIMIT. Please inspect your container logs for more details as this could indicate an issue with your application., Details: Container qualityiq successfully created and is running., DetailsLevel: INFO
2026-08-02T10:12:54.1097978Z Container start method finished after 2483 ms.
2026-08-02T10:12:54.1099861Z State: Starting, Action: InitiatingSiteWarmUpProbe, LastError: ContainerTimeout, LastErrorTimestamp: 08/02/2026 10:12:35, LastErrorDetails: Container did not respond to startup probe on port 8080 within the expected time limit of 230s. Port mismatch detected: the container is listening on port 80, 9000 but the platform is probing port 8080. Set the WEBSITES_PORT app setting to match the port your application listens on. If your application needs more time to start, increase WEBSITES_CONTAINER_START_TIME_LIMIT. Please inspect your container logs for more details as this could indicate an issue with your application., Details: Container qualityiq successfully created and is running., DetailsLevel: INFO
2026-08-02T10:12:54.1100161Z State: Starting, Action: WaitingForSiteWarmUpProbeSuccess, LastError: ContainerTimeout, LastErrorTimestamp: 08/02/2026 10:12:35, LastErrorDetails: Container did not respond to startup probe on port 8080 within the expected time limit of 230s. Port mismatch detected: the container is listening on port 80, 9000 but the platform is probing port 8080. Set the WEBSITES_PORT app setting to match the port your application listens on. If your application needs more time to start, increase WEBSITES_CONTAINER_START_TIME_LIMIT. Please inspect your container logs for more details as this could indicate an issue with your application., Details: Pinging warmup path to ensure container is ready to receive requests., DetailsLevel: INFO
2026-08-02T10:13:46.2097669Z Site startup probe succeeded after 52.0913449 seconds.
2026-08-02T10:13:46.4785002Z State: Starting, Action: WarmUpProbeSucceeded, LastError: ContainerTimeout, LastErrorTimestamp: 08/02/2026 10:12:35, LastErrorDetails: Container did not respond to startup probe on port 8080 within the expected time limit of 230s. Port mismatch detected: the container is listening on port 80, 9000 but the platform is probing port 8080. Set the WEBSITES_PORT app setting to match the port your application listens on. If your application needs more time to start, increase WEBSITES_CONTAINER_START_TIME_LIMIT. Please inspect your container logs for more details as this could indicate an issue with your application., Details: Site startup probe succeeded after 52.0913449 seconds., DetailsLevel: INFO
2026-08-02T10:13:47.2783740Z Site is running with deployment version: 65e43aad-70a0-4838-98cf-c1f2b6a17edc
2026-08-02T10:13:47.2787844Z Site started.
2026-08-02T10:13:47.2789100Z State: Started, Action: None, LastError: ContainerTimeout, LastErrorTimestamp: 08/02/2026 10:12:35, LastErrorDetails: Container did not respond to startup probe on port 8080 within the expected time limit of 230s. Port mismatch detected: the container is listening on port 80, 9000 but the platform is probing port 8080. Set the WEBSITES_PORT app setting to match the port your application listens on. If your application needs more time to start, increase WEBSITES_CONTAINER_START_TIME_LIMIT. Please inspect your container logs for more details as this could indicate an issue with your application., Details: Site started at 08/02/2026 10:13:47 (UTC), DetailsLevel: INFO
2026-08-02T10:13:47.3927022Z Site is running with patch version PHP-8.4.16
2026-08-02T10:17:01.4933694Z State: Starting, Action: EstablishingSiteNetworks, LastError: , LastErrorTimestamp: 01/01/0001 00:00:00, LastErrorDetails: , Details: , DetailsLevel: INFO
2026-08-02T10:17:11.2215563Z State: Starting, Action: StartingSiteContainers, LastError: , LastErrorTimestamp: 01/01/0001 00:00:00, LastErrorDetails: , Details: , DetailsLevel: INFO
2026-08-02T10:17:11.2217648Z Container start method called.
2026-08-02T10:17:11.2218393Z State: Starting, Action: PullingImage, LastError: , LastErrorTimestamp: 01/01/0001 00:00:00, LastErrorDetails: , Details: Pulling image 10.1.0.7:13209/appsvc/php:8.4-fpm_20260428.5.tuxprod for qualityiq., DetailsLevel: INFO
2026-08-02T10:17:11.2219074Z Establishing network.
2026-08-02T10:17:11.2221921Z Pulling image: appsvc/php:8.4-fpm_20260428.5.tuxprod.
2026-08-02T10:17:16.5227415Z Image appsvc/php:8.4-fpm_20260428.5.tuxprod is pulled from registry 10.1.0.7:13209
2026-08-02T10:17:16.5228532Z Container is starting.
2026-08-02T10:17:16.5229618Z State: Starting, Action: MountingVolumes, LastError: , LastErrorTimestamp: 01/01/0001 00:00:00, LastErrorDetails: , Details: Mounting volumes for qualityiq., DetailsLevel: INFO
2026-08-02T10:17:16.5230234Z Establishing user namespace if not established already.
2026-08-02T10:17:16.5230767Z Establishing network if not established already.
2026-08-02T10:17:16.5231506Z Mounting volumes.
2026-08-02T10:17:16.5232529Z Nested mountpoint 
2026-08-02T10:17:16.5784051Z Nested mountpoint volatile/logs
2026-08-02T10:17:16.7178513Z Nested mountpoint 
2026-08-02T10:17:16.9215843Z Nested mountpoint 
2026-08-02T10:17:17.1304770Z State: Starting, Action: CreatingContainer, LastError: , LastErrorTimestamp: 01/01/0001 00:00:00, LastErrorDetails: , Details: Finished pulling container image and mounting volumes for qualityiq. Allocatinng the rest of the container resources to finish container creation., DetailsLevel: INFO
2026-08-02T10:17:17.1305725Z Creating container.
2026-08-02T10:17:17.1306342Z Creating pipes for streaming container io.
2026-08-02T10:17:17.1307024Z Creating stdout named pipe at /podr/container/pipe/84e199d8d8a5_qualityiq/stdout_e2aade8a24594aa0bb6ef18272783143.
2026-08-02T10:17:17.1309571Z Successfully created stdout named pipe at: /podr/container/pipe/84e199d8d8a5_qualityiq/stdout_e2aade8a24594aa0bb6ef18272783143.
2026-08-02T10:17:17.1310672Z Opening named pipe /podr/container/pipe/84e199d8d8a5_qualityiq/stdout_e2aade8a24594aa0bb6ef18272783143 for reading in non-blocking mode.
2026-08-02T10:17:17.1311707Z Successfully opened named pipe: /podr/container/pipe/84e199d8d8a5_qualityiq/stdout_e2aade8a24594aa0bb6ef18272783143.
2026-08-02T10:17:17.1312270Z Successfully removed non-blocking flag from /podr/container/pipe/84e199d8d8a5_qualityiq/stdout_e2aade8a24594aa0bb6ef18272783143.
2026-08-02T10:17:17.1500425Z Creating stderr named pipe at /podr/container/pipe/84e199d8d8a5_qualityiq/stderr_d9fc72a8d35641d6bf958bc89741735b.
2026-08-02T10:17:17.1503821Z Successfully created stderr named pipe at: /podr/container/pipe/84e199d8d8a5_qualityiq/stderr_d9fc72a8d35641d6bf958bc89741735b.
2026-08-02T10:17:17.1504640Z Opening named pipe /podr/container/pipe/84e199d8d8a5_qualityiq/stderr_d9fc72a8d35641d6bf958bc89741735b for reading in non-blocking mode.
2026-08-02T10:17:17.1506668Z Successfully opened named pipe: /podr/container/pipe/84e199d8d8a5_qualityiq/stderr_d9fc72a8d35641d6bf958bc89741735b.
2026-08-02T10:17:17.1507434Z Successfully removed non-blocking flag from /podr/container/pipe/84e199d8d8a5_qualityiq/stderr_d9fc72a8d35641d6bf958bc89741735b.
2026-08-02T10:17:17.2118875Z Creating container with image: appsvc/php:8.4-fpm_20260428.5.tuxprod from registry: 10.1.0.7:13209 and fully qualified image name: 10.1.0.7:13209/appsvc/php:8.4-fpm_20260428.5.tuxprod
2026-08-02T10:17:20.8403733Z Starting container: 84e199d8d8a5_qualityiq.
2026-08-02T10:17:21.2703463Z Starting watchers and probes.
2026-08-02T10:17:21.2720989Z Starting metrics collection.
2026-08-02T10:17:21.3020774Z Container is running.
2026-08-02T10:17:21.3032019Z State: Starting, Action: CreatingContainer, LastError: , LastErrorTimestamp: 01/01/0001 00:00:00, LastErrorDetails: , Details: Container qualityiq successfully created and is running., DetailsLevel: INFO
2026-08-02T10:17:22.2004856Z Container start method finished after 10978 ms.
2026-08-02T10:17:22.2006755Z State: Starting, Action: InitiatingSiteWarmUpProbe, LastError: , LastErrorTimestamp: 01/01/0001 00:00:00, LastErrorDetails: , Details: Container qualityiq successfully created and is running., DetailsLevel: INFO
2026-08-02T10:17:22.2007084Z State: Starting, Action: WaitingForSiteWarmUpProbeSuccess, LastError: , LastErrorTimestamp: 01/01/0001 00:00:00, LastErrorDetails: , Details: Pinging warmup path to ensure container is ready to receive requests., DetailsLevel: INFO
2026-08-02T10:17:50.9614227Z Site startup probe failed after 28.7239275 seconds.
2026-08-02T10:17:51.8412754Z State: Starting, Action: WaitingForSiteWarmUpProbeSuccess, LastError: ContainerStartupFailure, LastErrorTimestamp: 08/02/2026 10:17:51, LastErrorDetails: The container did not complete startup successfully. Please inspect your container logs for more details., Details: Pinging warmup path to ensure container is ready to receive requests., DetailsLevel: ERR
2026-08-02T10:17:51.9189115Z Failed to start site. Revert by stopping site.
2026-08-02T10:17:51.9574405Z State: Stopping, Action: StoppingSite, LastError: ContainerStartupFailure, LastErrorTimestamp: 08/02/2026 10:17:51, LastErrorDetails: The container did not complete startup successfully. Please inspect your container logs for more details., Details: Pinging warmup path to ensure container is ready to receive requests., DetailsLevel: ERR
2026-08-02T10:17:52.0126227Z State: Stopping, Action: StoppingSiteContainers, LastError: ContainerStartupFailure, LastErrorTimestamp: 08/02/2026 10:17:51, LastErrorDetails: The container did not complete startup successfully. Please inspect your container logs for more details., Details: Pinging warmup path to ensure container is ready to receive requests., DetailsLevel: ERR
2026-08-02T10:17:52.0128664Z Container is terminating. Grace period: 5 seconds.
2026-08-02T10:17:52.1194990Z Stop and delete container. Retry count = 0
2026-08-02T10:17:52.1196353Z Stopping container: 84e199d8d8a5_qualityiq.
2026-08-02T10:17:57.3935268Z Deleting container: 84e199d8d8a5_qualityiq. Retry count = 0
2026-08-02T10:17:57.8610149Z Container spec TerminationMessagePolicy  path 
2026-08-02T10:17:57.8633950Z Container is terminated. Total time elapsed: 5849 ms.
2026-08-02T10:17:57.8638881Z Site container: qualityiq terminated during site startup.
2026-08-02T10:17:57.8645401Z State: Stopping, Action: CancellingStartup, LastError: ContainerStartupFailure, LastErrorTimestamp: 08/02/2026 10:17:51, LastErrorDetails: The container did not complete startup successfully. Please inspect your container logs for more details., Details: Site container: qualityiq terminated during site startup. Cancelling site startup., DetailsLevel: ERR
2026-08-02T10:17:57.8716059Z Site: qualityiq stopped.
2026-08-02T10:18:19.3832073Z State: Stopping, Action: StoppingSite, LastError: ContainerTimeout, LastErrorTimestamp: 08/02/2026 10:12:35, LastErrorDetails: Container did not respond to startup probe on port 8080 within the expected time limit of 230s. Port mismatch detected: the container is listening on port 80, 9000 but the platform is probing port 8080. Set the WEBSITES_PORT app setting to match the port your application listens on. If your application needs more time to start, increase WEBSITES_CONTAINER_START_TIME_LIMIT. Please inspect your container logs for more details as this could indicate an issue with your application., Details: Site started at 08/02/2026 10:13:47 (UTC), DetailsLevel: INFO
2026-08-02T10:18:19.3852832Z State: Stopping, Action: StoppingSiteContainers, LastError: ContainerTimeout, LastErrorTimestamp: 08/02/2026 10:12:35, LastErrorDetails: Container did not respond to startup probe on port 8080 within the expected time limit of 230s. Port mismatch detected: the container is listening on port 80, 9000 but the platform is probing port 8080. Set the WEBSITES_PORT app setting to match the port your application listens on. If your application needs more time to start, increase WEBSITES_CONTAINER_START_TIME_LIMIT. Please inspect your container logs for more details as this could indicate an issue with your application., Details: Site started at 08/02/2026 10:13:47 (UTC), DetailsLevel: INFO
2026-08-02T10:18:19.3854361Z Container is terminating. Grace period: 5 seconds.
2026-08-02T10:18:19.4112236Z Stop and delete container. Retry count = 0
2026-08-02T10:18:19.4113253Z Stopping container: 32238b7fdd7a_qualityiq.
2026-08-02T10:18:24.5884435Z Deleting container: 32238b7fdd7a_qualityiq. Retry count = 0
2026-08-02T10:18:25.0281662Z Container spec TerminationMessagePolicy  path 
2026-08-02T10:18:25.0361670Z Container is terminated. Total time elapsed: 5635 ms.
2026-08-02T10:18:25.0365803Z Site: qualityiq stopped.
2026-08-02T10:19:06.3046401Z State: Starting, Action: EstablishingSiteNetworks, LastError: ContainerStartupFailure, LastErrorTimestamp: 08/02/2026 10:17:51, LastErrorDetails: The container did not complete startup successfully. Please inspect your container logs for more details., Details: Site stopped at 08/02/2026 10:17:58 (UTC), DetailsLevel: ERR
2026-08-02T10:19:08.9482862Z State: Starting, Action: StartingSiteContainers, LastError: ContainerStartupFailure, LastErrorTimestamp: 08/02/2026 10:17:51, LastErrorDetails: The container did not complete startup successfully. Please inspect your container logs for more details., Details: Site stopped at 08/02/2026 10:17:58 (UTC), DetailsLevel: ERR
2026-08-02T10:19:08.9484151Z Container start method called.
2026-08-02T10:19:08.9484684Z State: Starting, Action: PullingImage, LastError: ContainerStartupFailure, LastErrorTimestamp: 08/02/2026 10:17:51, LastErrorDetails: The container did not complete startup successfully. Please inspect your container logs for more details., Details: Pulling image 10.1.0.7:13209/appsvc/php:8.4-fpm_20260428.5.tuxprod for qualityiq., DetailsLevel: INFO
2026-08-02T10:19:08.9485333Z Establishing network.
2026-08-02T10:19:08.9486038Z Pulling image: appsvc/php:8.4-fpm_20260428.5.tuxprod.
2026-08-02T10:19:09.6271950Z Container is starting.
2026-08-02T10:19:09.6272944Z State: Starting, Action: MountingVolumes, LastError: ContainerStartupFailure, LastErrorTimestamp: 08/02/2026 10:17:51, LastErrorDetails: The container did not complete startup successfully. Please inspect your container logs for more details., Details: Mounting volumes for qualityiq., DetailsLevel: INFO
2026-08-02T10:19:09.6273616Z Establishing user namespace if not established already.
2026-08-02T10:19:09.6274285Z Establishing network if not established already.
2026-08-02T10:19:09.6275013Z Mounting volumes.
2026-08-02T10:19:09.6275950Z Nested mountpoint 
2026-08-02T10:19:09.6776019Z Nested mountpoint volatile/logs
2026-08-02T10:19:09.7742386Z Nested mountpoint 
2026-08-02T10:19:09.8589363Z Nested mountpoint 
2026-08-02T10:19:09.9259776Z State: Starting, Action: CreatingContainer, LastError: ContainerStartupFailure, LastErrorTimestamp: 08/02/2026 10:17:51, LastErrorDetails: The container did not complete startup successfully. Please inspect your container logs for more details., Details: Finished pulling container image and mounting volumes for qualityiq. Allocatinng the rest of the container resources to finish container creation., DetailsLevel: INFO
2026-08-02T10:19:09.9825909Z Creating container.
2026-08-02T10:19:09.9834551Z Creating pipes for streaming container io.
2026-08-02T10:19:09.9844661Z Creating stdout named pipe at /podr/container/pipe/36b8253fde66_qualityiq/stdout_c51b32fbb7a84c70838b07018f26b2d2.
2026-08-02T10:19:09.9915720Z Successfully created stdout named pipe at: /podr/container/pipe/36b8253fde66_qualityiq/stdout_c51b32fbb7a84c70838b07018f26b2d2.
2026-08-02T10:19:09.9916766Z Opening named pipe /podr/container/pipe/36b8253fde66_qualityiq/stdout_c51b32fbb7a84c70838b07018f26b2d2 for reading in non-blocking mode.
2026-08-02T10:19:09.9918046Z Successfully opened named pipe: /podr/container/pipe/36b8253fde66_qualityiq/stdout_c51b32fbb7a84c70838b07018f26b2d2.
2026-08-02T10:19:09.9918794Z Successfully removed non-blocking flag from /podr/container/pipe/36b8253fde66_qualityiq/stdout_c51b32fbb7a84c70838b07018f26b2d2.
2026-08-02T10:19:09.9920018Z Creating stderr named pipe at /podr/container/pipe/36b8253fde66_qualityiq/stderr_4055e3ae93e94af2a7bd7b7985f077a3.
2026-08-02T10:19:09.9921268Z Successfully created stderr named pipe at: /podr/container/pipe/36b8253fde66_qualityiq/stderr_4055e3ae93e94af2a7bd7b7985f077a3.
2026-08-02T10:19:10.0014728Z Opening named pipe /podr/container/pipe/36b8253fde66_qualityiq/stderr_4055e3ae93e94af2a7bd7b7985f077a3 for reading in non-blocking mode.
2026-08-02T10:19:10.0017359Z Successfully opened named pipe: /podr/container/pipe/36b8253fde66_qualityiq/stderr_4055e3ae93e94af2a7bd7b7985f077a3.
2026-08-02T10:19:10.0020207Z Successfully removed non-blocking flag from /podr/container/pipe/36b8253fde66_qualityiq/stderr_4055e3ae93e94af2a7bd7b7985f077a3.
2026-08-02T10:19:10.0026931Z Creating container with image: appsvc/php:8.4-fpm_20260428.5.tuxprod from registry: 10.1.0.7:13209 and fully qualified image name: 10.1.0.7:13209/appsvc/php:8.4-fpm_20260428.5.tuxprod
2026-08-02T10:19:11.0978293Z Starting container: 36b8253fde66_qualityiq.
2026-08-02T10:19:11.2353028Z Starting watchers and probes.
2026-08-02T10:19:11.2356189Z Starting metrics collection.
2026-08-02T10:19:11.2441606Z Container is running.
2026-08-02T10:19:11.2452044Z State: Starting, Action: CreatingContainer, LastError: ContainerStartupFailure, LastErrorTimestamp: 08/02/2026 10:17:51, LastErrorDetails: The container did not complete startup successfully. Please inspect your container logs for more details., Details: Container qualityiq successfully created and is running., DetailsLevel: INFO
2026-08-02T10:19:11.5159232Z Container start method finished after 2465 ms.
2026-08-02T10:19:11.5161572Z State: Starting, Action: InitiatingSiteWarmUpProbe, LastError: ContainerStartupFailure, LastErrorTimestamp: 08/02/2026 10:17:51, LastErrorDetails: The container did not complete startup successfully. Please inspect your container logs for more details., Details: Container qualityiq successfully created and is running., DetailsLevel: INFO
2026-08-02T10:19:11.5161879Z State: Starting, Action: WaitingForSiteWarmUpProbeSuccess, LastError: ContainerStartupFailure, LastErrorTimestamp: 08/02/2026 10:17:51, LastErrorDetails: The container did not complete startup successfully. Please inspect your container logs for more details., Details: Pinging warmup path to ensure container is ready to receive requests., DetailsLevel: INFO
2026-08-02T10:19:52.5909495Z Site startup probe succeeded after 41.0743973 seconds.
2026-08-02T10:19:52.8350006Z State: Starting, Action: WarmUpProbeSucceeded, LastError: ContainerStartupFailure, LastErrorTimestamp: 08/02/2026 10:17:51, LastErrorDetails: The container did not complete startup successfully. Please inspect your container logs for more details., Details: Site startup probe succeeded after 41.0743973 seconds., DetailsLevel: INFO
2026-08-02T10:19:53.4058100Z Site is running with deployment version: 65e43aad-70a0-4838-98cf-c1f2b6a17edc
2026-08-02T10:19:53.4103395Z Site started.
2026-08-02T10:19:53.4117188Z State: Started, Action: None, LastError: ContainerStartupFailure, LastErrorTimestamp: 08/02/2026 10:17:51, LastErrorDetails: The container did not complete startup successfully. Please inspect your container logs for more details., Details: Site started at 08/02/2026 10:19:53 (UTC), DetailsLevel: INFO
2026-08-02T10:19:53.4386677Z Site is running with patch version PHP-8.4.16
2026-08-02T10:19:59.5496141Z State: Starting, Action: EstablishingSiteNetworks, LastError: , LastErrorTimestamp: 01/01/0001 00:00:00, LastErrorDetails: , Details: , DetailsLevel: INFO
2026-08-02T10:20:03.6456411Z State: Starting, Action: StartingSiteContainers, LastError: , LastErrorTimestamp: 01/01/0001 00:00:00, LastErrorDetails: , Details: , DetailsLevel: INFO
2026-08-02T10:20:03.6473924Z Container start method called.
2026-08-02T10:20:03.6481602Z State: Starting, Action: PullingImage, LastError: , LastErrorTimestamp: 01/01/0001 00:00:00, LastErrorDetails: , Details: Pulling image 10.1.0.5:13209/appsvc/php:8.4-fpm_20260428.5.tuxprod for qualityiq., DetailsLevel: INFO
2026-08-02T10:20:03.6539110Z Establishing network.
2026-08-02T10:20:03.6545320Z Pulling image: appsvc/php:8.4-fpm_20260428.5.tuxprod.
2026-08-02T10:20:04.7725247Z Container is starting.
2026-08-02T10:20:04.7726575Z State: Starting, Action: MountingVolumes, LastError: , LastErrorTimestamp: 01/01/0001 00:00:00, LastErrorDetails: , Details: Mounting volumes for qualityiq., DetailsLevel: INFO
2026-08-02T10:20:04.8096171Z Establishing user namespace if not established already.
2026-08-02T10:20:04.8097587Z Establishing network if not established already.
2026-08-02T10:20:04.8099951Z Mounting volumes.
2026-08-02T10:20:04.8101085Z Nested mountpoint 
2026-08-02T10:20:04.8204106Z Nested mountpoint volatile/logs
2026-08-02T10:20:04.8774058Z Nested mountpoint 
2026-08-02T10:20:04.9788070Z Nested mountpoint 
2026-08-02T10:20:05.3637676Z State: Starting, Action: CreatingContainer, LastError: , LastErrorTimestamp: 01/01/0001 00:00:00, LastErrorDetails: , Details: Finished pulling container image and mounting volumes for qualityiq. Allocatinng the rest of the container resources to finish container creation., DetailsLevel: INFO
2026-08-02T10:20:05.4282043Z Creating container.
2026-08-02T10:20:05.4284839Z Creating pipes for streaming container io.
2026-08-02T10:20:05.4285550Z Creating stdout named pipe at /podr/container/pipe/0b661c87aa3c_qualityiq/stdout_97589ec1844a4f3b8a8400f45e8fc84b.
2026-08-02T10:20:05.4287624Z Successfully created stdout named pipe at: /podr/container/pipe/0b661c87aa3c_qualityiq/stdout_97589ec1844a4f3b8a8400f45e8fc84b.
2026-08-02T10:20:05.4288166Z Opening named pipe /podr/container/pipe/0b661c87aa3c_qualityiq/stdout_97589ec1844a4f3b8a8400f45e8fc84b for reading in non-blocking mode.
2026-08-02T10:20:05.4288892Z Successfully opened named pipe: /podr/container/pipe/0b661c87aa3c_qualityiq/stdout_97589ec1844a4f3b8a8400f45e8fc84b.
2026-08-02T10:20:05.4289428Z Successfully removed non-blocking flag from /podr/container/pipe/0b661c87aa3c_qualityiq/stdout_97589ec1844a4f3b8a8400f45e8fc84b.
2026-08-02T10:20:05.4318624Z Creating stderr named pipe at /podr/container/pipe/0b661c87aa3c_qualityiq/stderr_04557cad986149d7a37523e5c929aeb7.
2026-08-02T10:20:05.6369539Z Successfully created stderr named pipe at: /podr/container/pipe/0b661c87aa3c_qualityiq/stderr_04557cad986149d7a37523e5c929aeb7.
2026-08-02T10:20:05.6475575Z Opening named pipe /podr/container/pipe/0b661c87aa3c_qualityiq/stderr_04557cad986149d7a37523e5c929aeb7 for reading in non-blocking mode.
2026-08-02T10:20:05.6478144Z Successfully opened named pipe: /podr/container/pipe/0b661c87aa3c_qualityiq/stderr_04557cad986149d7a37523e5c929aeb7.
2026-08-02T10:20:05.6482553Z Successfully removed non-blocking flag from /podr/container/pipe/0b661c87aa3c_qualityiq/stderr_04557cad986149d7a37523e5c929aeb7.
2026-08-02T10:20:05.6866974Z Creating container with image: appsvc/php:8.4-fpm_20260428.5.tuxprod from registry: 10.1.0.5:13209 and fully qualified image name: 10.1.0.5:13209/appsvc/php:8.4-fpm_20260428.5.tuxprod
2026-08-02T10:20:09.9613479Z Starting container: 0b661c87aa3c_qualityiq.
2026-08-02T10:20:10.4789203Z Starting watchers and probes.
2026-08-02T10:20:10.4794064Z Starting metrics collection.
2026-08-02T10:20:10.4800082Z Container is running.
2026-08-02T10:20:10.4814652Z State: Starting, Action: CreatingContainer, LastError: , LastErrorTimestamp: 01/01/0001 00:00:00, LastErrorDetails: , Details: Container qualityiq successfully created and is running., DetailsLevel: INFO
2026-08-02T10:20:11.3765743Z Container start method finished after 7729 ms.
2026-08-02T10:20:11.3768317Z State: Starting, Action: InitiatingSiteWarmUpProbe, LastError: , LastErrorTimestamp: 01/01/0001 00:00:00, LastErrorDetails: , Details: Container qualityiq successfully created and is running., DetailsLevel: INFO
2026-08-02T10:20:11.3768581Z State: Starting, Action: WaitingForSiteWarmUpProbeSuccess, LastError: , LastErrorTimestamp: 01/01/0001 00:00:00, LastErrorDetails: , Details: Pinging warmup path to ensure container is ready to receive requests., DetailsLevel: INFO
2026-08-02T10:21:31.4504432Z Site startup probe succeeded after 80.0652602 seconds.
2026-08-02T10:21:31.6767973Z State: Starting, Action: WarmUpProbeSucceeded, LastError: , LastErrorTimestamp: 01/01/0001 00:00:00, LastErrorDetails: , Details: Site startup probe succeeded after 80.0652602 seconds., DetailsLevel: INFO
2026-08-02T10:21:33.3078363Z Site is running with deployment version: 65e43aad-70a0-4838-98cf-c1f2b6a17edc
2026-08-02T10:21:33.3104679Z Site started.
2026-08-02T10:21:33.3193978Z State: Started, Action: None, LastError: , LastErrorTimestamp: 01/01/0001 00:00:00, LastErrorDetails: , Details: Site started at 08/02/2026 10:21:33 (UTC), DetailsLevel: INFO
2026-08-02T10:21:33.3197657Z Site is running with patch version PHP-8.4.16
2026-08-02T10:21:53.6677338Z State: Stopping, Action: StoppingSite, LastError: ContainerStartupFailure, LastErrorTimestamp: 08/02/2026 10:17:51, LastErrorDetails: The container did not complete startup successfully. Please inspect your container logs for more details., Details: Site started at 08/02/2026 10:19:53 (UTC), DetailsLevel: INFO
2026-08-02T10:21:53.6684930Z State: Stopping, Action: StoppingSiteContainers, LastError: ContainerStartupFailure, LastErrorTimestamp: 08/02/2026 10:17:51, LastErrorDetails: The container did not complete startup successfully. Please inspect your container logs for more details., Details: Site started at 08/02/2026 10:19:53 (UTC), DetailsLevel: INFO
2026-08-02T10:21:53.6685794Z Container is terminating. Grace period: 5 seconds.
2026-08-02T10:21:53.7453058Z Stop and delete container. Retry count = 0
2026-08-02T10:21:53.7456124Z Stopping container: 36b8253fde66_qualityiq.
2026-08-02T10:21:58.8649245Z Deleting container: 36b8253fde66_qualityiq. Retry count = 0
2026-08-02T10:21:59.2532734Z Container spec TerminationMessagePolicy  path 
2026-08-02T10:21:59.2553144Z Container is terminated. Total time elapsed: 5584 ms.
2026-08-02T10:21:59.2554728Z Site: qualityiq stopped.
2026-08-02T10:22:24.5054625Z State: Starting, Action: EstablishingSiteNetworks, LastError: , LastErrorTimestamp: 01/01/0001 00:00:00, LastErrorDetails: , Details: , DetailsLevel: INFO
2026-08-02T10:22:29.7130372Z State: Starting, Action: StartingSiteContainers, LastError: , LastErrorTimestamp: 01/01/0001 00:00:00, LastErrorDetails: , Details: , DetailsLevel: INFO
2026-08-02T10:22:29.7740973Z Container start method called.
2026-08-02T10:22:29.7742723Z State: Starting, Action: PullingImage, LastError: , LastErrorTimestamp: 01/01/0001 00:00:00, LastErrorDetails: , Details: Pulling image 10.1.0.7:13209/appsvc/php:8.4-fpm_20260428.5.tuxprod for qualityiq., DetailsLevel: INFO
2026-08-02T10:22:29.7743501Z Establishing network.
2026-08-02T10:22:29.8002709Z Pulling image: appsvc/php:8.4-fpm_20260428.5.tuxprod.
2026-08-02T10:22:31.1590993Z Container is starting.
2026-08-02T10:22:31.1738362Z State: Starting, Action: MountingVolumes, LastError: , LastErrorTimestamp: 01/01/0001 00:00:00, LastErrorDetails: , Details: Mounting volumes for qualityiq., DetailsLevel: INFO
2026-08-02T10:22:31.1740217Z Establishing user namespace if not established already.
2026-08-02T10:22:31.1750037Z Establishing network if not established already.
2026-08-02T10:22:31.1751724Z Mounting volumes.
2026-08-02T10:22:31.1925374Z Nested mountpoint 
2026-08-02T10:22:31.2219498Z Nested mountpoint volatile/logs
2026-08-02T10:22:31.2995928Z Nested mountpoint 
2026-08-02T10:22:31.3092376Z Nested mountpoint 
2026-08-02T10:22:31.9336643Z State: Starting, Action: CreatingContainer, LastError: , LastErrorTimestamp: 01/01/0001 00:00:00, LastErrorDetails: , Details: Finished pulling container image and mounting volumes for qualityiq. Allocatinng the rest of the container resources to finish container creation., DetailsLevel: INFO
2026-08-02T10:22:31.9338299Z Creating container.
2026-08-02T10:22:31.9339211Z Creating pipes for streaming container io.
2026-08-02T10:22:31.9340028Z Creating stdout named pipe at /podr/container/pipe/3134971ea016_qualityiq/stdout_c7ec7bf9ffaf4d70a27313df3792e67e.
2026-08-02T10:22:31.9442682Z Successfully created stdout named pipe at: /podr/container/pipe/3134971ea016_qualityiq/stdout_c7ec7bf9ffaf4d70a27313df3792e67e.
2026-08-02T10:22:31.9443339Z Opening named pipe /podr/container/pipe/3134971ea016_qualityiq/stdout_c7ec7bf9ffaf4d70a27313df3792e67e for reading in non-blocking mode.
2026-08-02T10:22:31.9444150Z Successfully opened named pipe: /podr/container/pipe/3134971ea016_qualityiq/stdout_c7ec7bf9ffaf4d70a27313df3792e67e.
2026-08-02T10:22:31.9444749Z Successfully removed non-blocking flag from /podr/container/pipe/3134971ea016_qualityiq/stdout_c7ec7bf9ffaf4d70a27313df3792e67e.
2026-08-02T10:22:31.9445752Z Creating stderr named pipe at /podr/container/pipe/3134971ea016_qualityiq/stderr_9d0ac7e96b8040c6a3e3738dcd5c8d35.
2026-08-02T10:22:31.9446764Z Successfully created stderr named pipe at: /podr/container/pipe/3134971ea016_qualityiq/stderr_9d0ac7e96b8040c6a3e3738dcd5c8d35.
2026-08-02T10:22:31.9447274Z Opening named pipe /podr/container/pipe/3134971ea016_qualityiq/stderr_9d0ac7e96b8040c6a3e3738dcd5c8d35 for reading in non-blocking mode.
2026-08-02T10:22:31.9447906Z Successfully opened named pipe: /podr/container/pipe/3134971ea016_qualityiq/stderr_9d0ac7e96b8040c6a3e3738dcd5c8d35.
2026-08-02T10:22:31.9448442Z Successfully removed non-blocking flag from /podr/container/pipe/3134971ea016_qualityiq/stderr_9d0ac7e96b8040c6a3e3738dcd5c8d35.
2026-08-02T10:22:31.9449136Z Creating container with image: appsvc/php:8.4-fpm_20260428.5.tuxprod from registry: 10.1.0.7:13209 and fully qualified image name: 10.1.0.7:13209/appsvc/php:8.4-fpm_20260428.5.tuxprod
2026-08-02T10:22:35.4272236Z Starting container: 3134971ea016_qualityiq.
2026-08-02T10:22:35.6346817Z Starting watchers and probes.
2026-08-02T10:22:35.7257350Z Starting metrics collection.
2026-08-02T10:22:35.7258566Z Container is running.
2026-08-02T10:22:35.7259581Z State: Starting, Action: CreatingContainer, LastError: , LastErrorTimestamp: 01/01/0001 00:00:00, LastErrorDetails: , Details: Container qualityiq successfully created and is running., DetailsLevel: INFO
2026-08-02T10:22:35.9267782Z Container start method finished after 6145 ms.
2026-08-02T10:22:35.9348052Z State: Starting, Action: InitiatingSiteWarmUpProbe, LastError: , LastErrorTimestamp: 01/01/0001 00:00:00, LastErrorDetails: , Details: Container qualityiq successfully created and is running., DetailsLevel: INFO
2026-08-02T10:22:35.9348990Z State: Starting, Action: WaitingForSiteWarmUpProbeSuccess, LastError: , LastErrorTimestamp: 01/01/0001 00:00:00, LastErrorDetails: , Details: Pinging warmup path to ensure container is ready to receive requests., DetailsLevel: INFO
2026-08-02T10:23:26.0402348Z Site startup probe succeeded after 50.1047698 seconds.
2026-08-02T10:23:26.3816110Z State: Starting, Action: WarmUpProbeSucceeded, LastError: , LastErrorTimestamp: 01/01/0001 00:00:00, LastErrorDetails: , Details: Site startup probe succeeded after 50.1047698 seconds., DetailsLevel: INFO
2026-08-02T10:23:26.9456445Z Site is running with deployment version: e7f5f8d5-bb49-4a02-bd27-15e32f1d1b73
2026-08-02T10:23:26.9459521Z Site started.
2026-08-02T10:23:26.9461377Z State: Started, Action: None, LastError: , LastErrorTimestamp: 01/01/0001 00:00:00, LastErrorDetails: , Details: Site started at 08/02/2026 10:23:26 (UTC), DetailsLevel: INFO
2026-08-02T10:23:26.9463379Z Site is running with patch version PHP-8.4.16
2026-08-02T10:23:47.1693050Z State: Stopping, Action: StoppingSite, LastError: ContainerStartupFailure, LastErrorTimestamp: 08/02/2026 10:17:51, LastErrorDetails: The container did not complete startup successfully. Please inspect your container logs for more details., Details: Site started at 08/02/2026 10:21:33 (UTC), DetailsLevel: INFO
2026-08-02T10:23:47.1710851Z State: Stopping, Action: StoppingSiteContainers, LastError: ContainerStartupFailure, LastErrorTimestamp: 08/02/2026 10:17:51, LastErrorDetails: The container did not complete startup successfully. Please inspect your container logs for more details., Details: Site started at 08/02/2026 10:21:33 (UTC), DetailsLevel: INFO
2026-08-02T10:23:47.1717708Z Container is terminating. Grace period: 5 seconds.
2026-08-02T10:23:47.1893826Z Stop and delete container. Retry count = 0
2026-08-02T10:23:47.1894618Z Stopping container: 0b661c87aa3c_qualityiq.
2026-08-02T10:23:52.3104996Z Deleting container: 0b661c87aa3c_qualityiq. Retry count = 0
2026-08-02T10:23:52.6761293Z Container spec TerminationMessagePolicy  path 
2026-08-02T10:23:52.6781119Z Container is terminated. Total time elapsed: 5504 ms.
2026-08-02T10:23:52.6782665Z Site: qualityiq stopped.
2026-08-02T10:24:11.4221451Z State: Starting, Action: EstablishingSiteNetworks, LastError: , LastErrorTimestamp: 01/01/0001 00:00:00, LastErrorDetails: , Details: , DetailsLevel: INFO
2026-08-02T10:24:16.2075770Z State: Starting, Action: StartingSiteContainers, LastError: , LastErrorTimestamp: 01/01/0001 00:00:00, LastErrorDetails: , Details: , DetailsLevel: INFO
2026-08-02T10:24:16.2077123Z Container start method called.
2026-08-02T10:24:16.2077774Z State: Starting, Action: PullingImage, LastError: , LastErrorTimestamp: 01/01/0001 00:00:00, LastErrorDetails: , Details: Pulling image 10.1.0.7:13209/appsvc/php:8.4-fpm_20260428.5.tuxprod for qualityiq., DetailsLevel: INFO
2026-08-02T10:24:16.2078636Z Establishing network.
2026-08-02T10:24:16.2079400Z Pulling image: appsvc/php:8.4-fpm_20260428.5.tuxprod.
2026-08-02T10:24:17.3911267Z Container is starting.
2026-08-02T10:24:17.3912312Z State: Starting, Action: MountingVolumes, LastError: , LastErrorTimestamp: 01/01/0001 00:00:00, LastErrorDetails: , Details: Mounting volumes for qualityiq., DetailsLevel: INFO
2026-08-02T10:24:17.3912934Z Establishing user namespace if not established already.
2026-08-02T10:24:17.3913503Z Establishing network if not established already.
2026-08-02T10:24:17.3914105Z Mounting volumes.
2026-08-02T10:24:17.3915280Z Nested mountpoint 
2026-08-02T10:24:17.4547862Z Nested mountpoint volatile/logs
2026-08-02T10:24:17.6002878Z Nested mountpoint 
2026-08-02T10:24:17.6095082Z Nested mountpoint 
2026-08-02T10:24:17.9443050Z State: Starting, Action: CreatingContainer, LastError: , LastErrorTimestamp: 01/01/0001 00:00:00, LastErrorDetails: , Details: Finished pulling container image and mounting volumes for qualityiq. Allocatinng the rest of the container resources to finish container creation., DetailsLevel: INFO
2026-08-02T10:24:17.9444457Z Creating container.
2026-08-02T10:24:17.9445202Z Creating pipes for streaming container io.
2026-08-02T10:24:17.9446483Z Creating stdout named pipe at /podr/container/pipe/047a81ea7401_qualityiq/stdout_6798a5b4fa214ce6a67011d5ee2f4262.
2026-08-02T10:24:17.9540774Z Successfully created stdout named pipe at: /podr/container/pipe/047a81ea7401_qualityiq/stdout_6798a5b4fa214ce6a67011d5ee2f4262.
2026-08-02T10:24:17.9542187Z Opening named pipe /podr/container/pipe/047a81ea7401_qualityiq/stdout_6798a5b4fa214ce6a67011d5ee2f4262 for reading in non-blocking mode.
2026-08-02T10:24:17.9545191Z Successfully opened named pipe: /podr/container/pipe/047a81ea7401_qualityiq/stdout_6798a5b4fa214ce6a67011d5ee2f4262.
2026-08-02T10:24:17.9545881Z Successfully removed non-blocking flag from /podr/container/pipe/047a81ea7401_qualityiq/stdout_6798a5b4fa214ce6a67011d5ee2f4262.
2026-08-02T10:24:17.9547271Z Creating stderr named pipe at /podr/container/pipe/047a81ea7401_qualityiq/stderr_b255732c62ea43df97910c96e4b0669a.
2026-08-02T10:24:17.9548689Z Successfully created stderr named pipe at: /podr/container/pipe/047a81ea7401_qualityiq/stderr_b255732c62ea43df97910c96e4b0669a.
2026-08-02T10:24:17.9549214Z Opening named pipe /podr/container/pipe/047a81ea7401_qualityiq/stderr_b255732c62ea43df97910c96e4b0669a for reading in non-blocking mode.
2026-08-02T10:24:17.9549983Z Successfully opened named pipe: /podr/container/pipe/047a81ea7401_qualityiq/stderr_b255732c62ea43df97910c96e4b0669a.
2026-08-02T10:24:17.9550530Z Successfully removed non-blocking flag from /podr/container/pipe/047a81ea7401_qualityiq/stderr_b255732c62ea43df97910c96e4b0669a.
2026-08-02T10:24:17.9551372Z Creating container with image: appsvc/php:8.4-fpm_20260428.5.tuxprod from registry: 10.1.0.7:13209 and fully qualified image name: 10.1.0.7:13209/appsvc/php:8.4-fpm_20260428.5.tuxprod
2026-08-02T10:24:21.0214639Z Starting container: 047a81ea7401_qualityiq.
2026-08-02T10:24:21.3566513Z Starting watchers and probes.
2026-08-02T10:24:21.4477939Z Starting metrics collection.
2026-08-02T10:24:21.4479868Z Container is running.
2026-08-02T10:24:21.4492176Z State: Starting, Action: CreatingContainer, LastError: , LastErrorTimestamp: 01/01/0001 00:00:00, LastErrorDetails: , Details: Container qualityiq successfully created and is running., DetailsLevel: INFO
2026-08-02T10:24:22.1448292Z Container start method finished after 5935 ms.
2026-08-02T10:24:22.1514908Z State: Starting, Action: InitiatingSiteWarmUpProbe, LastError: , LastErrorTimestamp: 01/01/0001 00:00:00, LastErrorDetails: , Details: Container qualityiq successfully created and is running., DetailsLevel: INFO
2026-08-02T10:24:22.1515247Z State: Starting, Action: WaitingForSiteWarmUpProbeSuccess, LastError: , LastErrorTimestamp: 01/01/0001 00:00:00, LastErrorDetails: , Details: Pinging warmup path to ensure container is ready to receive requests., DetailsLevel: INFO
2026-08-02T10:24:36.0339433Z Site startup probe failed after 13.8820296 seconds.
2026-08-02T10:24:37.0763404Z State: Starting, Action: WaitingForSiteWarmUpProbeSuccess, LastError: ContainerStartupFailure, LastErrorTimestamp: 08/02/2026 10:24:37, LastErrorDetails: The container did not complete startup successfully. Please inspect your container logs for more details., Details: Pinging warmup path to ensure container is ready to receive requests., DetailsLevel: ERR
2026-08-02T10:24:37.1339388Z Failed to start site. Revert by stopping site.
2026-08-02T10:24:37.1344743Z State: Stopping, Action: StoppingSite, LastError: ContainerStartupFailure, LastErrorTimestamp: 08/02/2026 10:24:37, LastErrorDetails: The container did not complete startup successfully. Please inspect your container logs for more details., Details: Pinging warmup path to ensure container is ready to receive requests., DetailsLevel: ERR
2026-08-02T10:24:37.1351267Z State: Stopping, Action: StoppingSiteContainers, LastError: ContainerStartupFailure, LastErrorTimestamp: 08/02/2026 10:24:37, LastErrorDetails: The container did not complete startup successfully. Please inspect your container logs for more details., Details: Pinging warmup path to ensure container is ready to receive requests., DetailsLevel: ERR
2026-08-02T10:24:37.1352783Z Container is terminating. Grace period: 5 seconds.
2026-08-02T10:24:37.1807996Z Stop and delete container. Retry count = 0
2026-08-02T10:24:37.1825343Z Stopping container: 047a81ea7401_qualityiq.
2026-08-02T10:24:42.6489839Z Deleting container: 047a81ea7401_qualityiq. Retry count = 0
2026-08-02T10:24:43.1594019Z Container spec TerminationMessagePolicy  path 
2026-08-02T10:24:43.1596972Z Container is terminated. Total time elapsed: 6024 ms.
2026-08-02T10:24:43.1597724Z Site container: qualityiq terminated during site startup.
2026-08-02T10:24:43.1598783Z State: Stopping, Action: CancellingStartup, LastError: ContainerStartupFailure, LastErrorTimestamp: 08/02/2026 10:24:37, LastErrorDetails: The container did not complete startup successfully. Please inspect your container logs for more details., Details: Site container: qualityiq terminated during site startup. Cancelling site startup., DetailsLevel: ERR
2026-08-02T10:24:43.1600929Z Site: qualityiq stopped.
2026-08-02T10:25:04.4407239Z State: Stopping, Action: StoppingSite, LastError: ContainerStartupFailure, LastErrorTimestamp: 08/02/2026 10:17:51, LastErrorDetails: The container did not complete startup successfully. Please inspect your container logs for more details., Details: Site started at 08/02/2026 10:23:26 (UTC), DetailsLevel: INFO
2026-08-02T10:25:04.4419729Z State: Stopping, Action: StoppingSiteContainers, LastError: ContainerStartupFailure, LastErrorTimestamp: 08/02/2026 10:17:51, LastErrorDetails: The container did not complete startup successfully. Please inspect your container logs for more details., Details: Site started at 08/02/2026 10:23:26 (UTC), DetailsLevel: INFO
2026-08-02T10:25:04.4425766Z Container is terminating. Grace period: 5 seconds.
2026-08-02T10:25:04.4530086Z Stop and delete container. Retry count = 0
2026-08-02T10:25:04.4531525Z Stopping container: 3134971ea016_qualityiq.
2026-08-02T10:25:09.5843406Z Deleting container: 3134971ea016_qualityiq. Retry count = 0
2026-08-02T10:25:09.8727704Z Container spec TerminationMessagePolicy  path 
2026-08-02T10:25:09.8736839Z Container is terminated. Total time elapsed: 5430 ms.
2026-08-02T10:25:09.8738311Z Site: qualityiq stopped.
2026-08-02T10:27:21.7543332Z State: Starting, Action: EstablishingSiteNetworks, LastError: ContainerStartupFailure, LastErrorTimestamp: 08/02/2026 10:24:37, LastErrorDetails: The container did not complete startup successfully. Please inspect your container logs for more details., Details: Site stopped at 08/02/2026 10:24:43 (UTC), DetailsLevel: ERR
2026-08-02T10:27:24.2987092Z State: Starting, Action: StartingSiteContainers, LastError: ContainerStartupFailure, LastErrorTimestamp: 08/02/2026 10:24:37, LastErrorDetails: The container did not complete startup successfully. Please inspect your container logs for more details., Details: Site stopped at 08/02/2026 10:24:43 (UTC), DetailsLevel: ERR
2026-08-02T10:27:24.2988196Z Container start method called.
2026-08-02T10:27:24.2988723Z State: Starting, Action: PullingImage, LastError: ContainerStartupFailure, LastErrorTimestamp: 08/02/2026 10:24:37, LastErrorDetails: The container did not complete startup successfully. Please inspect your container logs for more details., Details: Pulling image 10.1.0.5:13209/appsvc/php:8.2-fpm_20260428.5.tuxprod for qualityiq., DetailsLevel: INFO
2026-08-02T10:27:24.2989334Z Establishing network.
2026-08-02T10:27:24.2990204Z Pulling image: appsvc/php:8.2-fpm_20260428.5.tuxprod.
2026-08-02T10:27:25.6820671Z Image appsvc/php:8.2-fpm_20260428.5.tuxprod is pulled from registry 10.1.0.5:13209
2026-08-02T10:27:25.6822144Z Container is starting.
2026-08-02T10:27:25.6832898Z State: Starting, Action: MountingVolumes, LastError: ContainerStartupFailure, LastErrorTimestamp: 08/02/2026 10:24:37, LastErrorDetails: The container did not complete startup successfully. Please inspect your container logs for more details., Details: Mounting volumes for qualityiq., DetailsLevel: INFO
2026-08-02T10:27:25.6915010Z Establishing user namespace if not established already.
2026-08-02T10:27:25.6923015Z Establishing network if not established already.
2026-08-02T10:27:25.6924664Z Mounting volumes.
2026-08-02T10:27:25.7203681Z Nested mountpoint 
2026-08-02T10:27:25.7596138Z Nested mountpoint volatile/logs
2026-08-02T10:27:25.7967233Z Nested mountpoint 
2026-08-02T10:27:25.8141634Z Nested mountpoint 
2026-08-02T10:27:26.0580825Z State: Starting, Action: CreatingContainer, LastError: ContainerStartupFailure, LastErrorTimestamp: 08/02/2026 10:24:37, LastErrorDetails: The container did not complete startup successfully. Please inspect your container logs for more details., Details: Finished pulling container image and mounting volumes for qualityiq. Allocatinng the rest of the container resources to finish container creation., DetailsLevel: INFO
2026-08-02T10:27:26.0581993Z Creating container.
2026-08-02T10:27:26.0583651Z Creating pipes for streaming container io.
2026-08-02T10:27:26.0584416Z Creating stdout named pipe at /podr/container/pipe/072ad15686ed_qualityiq/stdout_54ee1ec6a38d4f62a0eaf2e0831f3d17.
2026-08-02T10:27:26.0865307Z Successfully created stdout named pipe at: /podr/container/pipe/072ad15686ed_qualityiq/stdout_54ee1ec6a38d4f62a0eaf2e0831f3d17.
2026-08-02T10:27:26.0866377Z Opening named pipe /podr/container/pipe/072ad15686ed_qualityiq/stdout_54ee1ec6a38d4f62a0eaf2e0831f3d17 for reading in non-blocking mode.
2026-08-02T10:27:26.0867289Z Successfully opened named pipe: /podr/container/pipe/072ad15686ed_qualityiq/stdout_54ee1ec6a38d4f62a0eaf2e0831f3d17.
2026-08-02T10:27:26.0868092Z Successfully removed non-blocking flag from /podr/container/pipe/072ad15686ed_qualityiq/stdout_54ee1ec6a38d4f62a0eaf2e0831f3d17.
2026-08-02T10:27:26.1322536Z Creating stderr named pipe at /podr/container/pipe/072ad15686ed_qualityiq/stderr_d6618638f95f44c8b4cced2360732152.
2026-08-02T10:27:26.1324856Z Successfully created stderr named pipe at: /podr/container/pipe/072ad15686ed_qualityiq/stderr_d6618638f95f44c8b4cced2360732152.
2026-08-02T10:27:26.1326067Z Opening named pipe /podr/container/pipe/072ad15686ed_qualityiq/stderr_d6618638f95f44c8b4cced2360732152 for reading in non-blocking mode.
2026-08-02T10:27:26.1332709Z Successfully opened named pipe: /podr/container/pipe/072ad15686ed_qualityiq/stderr_d6618638f95f44c8b4cced2360732152.
2026-08-02T10:27:26.1334256Z Successfully removed non-blocking flag from /podr/container/pipe/072ad15686ed_qualityiq/stderr_d6618638f95f44c8b4cced2360732152.
2026-08-02T10:27:26.1346233Z Creating container with image: appsvc/php:8.2-fpm_20260428.5.tuxprod from registry: 10.1.0.5:13209 and fully qualified image name: 10.1.0.5:13209/appsvc/php:8.2-fpm_20260428.5.tuxprod
2026-08-02T10:27:27.0828201Z Starting container: 072ad15686ed_qualityiq.
2026-08-02T10:27:27.2348248Z Starting watchers and probes.
2026-08-02T10:27:27.2435317Z Starting metrics collection.
2026-08-02T10:27:27.2516845Z Container is running.
2026-08-02T10:27:27.2543820Z State: Starting, Action: CreatingContainer, LastError: ContainerStartupFailure, LastErrorTimestamp: 08/02/2026 10:24:37, LastErrorDetails: The container did not complete startup successfully. Please inspect your container logs for more details., Details: Container qualityiq successfully created and is running., DetailsLevel: INFO
2026-08-02T10:27:27.3735993Z Container start method finished after 3074 ms.
2026-08-02T10:27:27.3820757Z State: Starting, Action: InitiatingSiteWarmUpProbe, LastError: ContainerStartupFailure, LastErrorTimestamp: 08/02/2026 10:24:37, LastErrorDetails: The container did not complete startup successfully. Please inspect your container logs for more details., Details: Container qualityiq successfully created and is running., DetailsLevel: INFO
2026-08-02T10:27:27.3822320Z State: Starting, Action: WaitingForSiteWarmUpProbeSuccess, LastError: ContainerStartupFailure, LastErrorTimestamp: 08/02/2026 10:24:37, LastErrorDetails: The container did not complete startup successfully. Please inspect your container logs for more details., Details: Pinging warmup path to ensure container is ready to receive requests., DetailsLevel: INFO
2026-08-02T10:31:17.4035998Z Site startup probe failed after 230.020985 seconds.
2026-08-02T10:31:17.5743537Z State: Starting, Action: WaitingForSiteWarmUpProbeSuccess, LastError: ContainerTimeout, LastErrorTimestamp: 08/02/2026 10:31:17, LastErrorDetails: Container did not respond to startup probe on port 8080 within the expected time limit of 230s. Port mismatch detected: the container is listening on port 80, 9000 but the platform is probing port 8080. Set the WEBSITES_PORT app setting to match the port your application listens on. If your application needs more time to start, increase WEBSITES_CONTAINER_START_TIME_LIMIT. Please inspect your container logs for more details as this could indicate an issue with your application., Details: Pinging warmup path to ensure container is ready to receive requests., DetailsLevel: ERR
2026-08-02T10:31:17.5912433Z Failed to start site. Revert by stopping site.
2026-08-02T10:31:17.5920717Z State: Stopping, Action: StoppingSite, LastError: ContainerTimeout, LastErrorTimestamp: 08/02/2026 10:31:17, LastErrorDetails: Container did not respond to startup probe on port 8080 within the expected time limit of 230s. Port mismatch detected: the container is listening on port 80, 9000 but the platform is probing port 8080. Set the WEBSITES_PORT app setting to match the port your application listens on. If your application needs more time to start, increase WEBSITES_CONTAINER_START_TIME_LIMIT. Please inspect your container logs for more details as this could indicate an issue with your application., Details: Pinging warmup path to ensure container is ready to receive requests., DetailsLevel: ERR
2026-08-02T10:31:17.6009708Z State: Stopping, Action: StoppingSiteContainers, LastError: ContainerTimeout, LastErrorTimestamp: 08/02/2026 10:31:17, LastErrorDetails: Container did not respond to startup probe on port 8080 within the expected time limit of 230s. Port mismatch detected: the container is listening on port 80, 9000 but the platform is probing port 8080. Set the WEBSITES_PORT app setting to match the port your application listens on. If your application needs more time to start, increase WEBSITES_CONTAINER_START_TIME_LIMIT. Please inspect your container logs for more details as this could indicate an issue with your application., Details: Pinging warmup path to ensure container is ready to receive requests., DetailsLevel: ERR
2026-08-02T10:31:17.6014487Z Container is terminating. Grace period: 5 seconds.
2026-08-02T10:31:17.6442395Z Stop and delete container. Retry count = 0
2026-08-02T10:31:17.6489052Z Stopping container: 072ad15686ed_qualityiq.
2026-08-02T10:31:22.7359340Z Deleting container: 072ad15686ed_qualityiq. Retry count = 0
2026-08-02T10:31:22.9852357Z Container spec TerminationMessagePolicy  path 
2026-08-02T10:31:22.9864207Z Container is terminated. Total time elapsed: 5382 ms.
2026-08-02T10:31:22.9868495Z Site container: qualityiq terminated during site startup.
2026-08-02T10:31:22.9947572Z State: Stopping, Action: CancellingStartup, LastError: ContainerTimeout, LastErrorTimestamp: 08/02/2026 10:31:17, LastErrorDetails: Container did not respond to startup probe on port 8080 within the expected time limit of 230s. Port mismatch detected: the container is listening on port 80, 9000 but the platform is probing port 8080. Set the WEBSITES_PORT app setting to match the port your application listens on. If your application needs more time to start, increase WEBSITES_CONTAINER_START_TIME_LIMIT. Please inspect your container logs for more details as this could indicate an issue with your application., Details: Site container: qualityiq terminated during site startup. Cancelling site startup., DetailsLevel: ERR
2026-08-02T10:31:23.0026982Z Site: qualityiq stopped.
2026-08-02T10:32:58.7981218Z State: Starting, Action: EstablishingSiteNetworks, LastError: ContainerTimeout, LastErrorTimestamp: 08/02/2026 10:31:17, LastErrorDetails: Container did not respond to startup probe on port 8080 within the expected time limit of 230s. Port mismatch detected: the container is listening on port 80, 9000 but the platform is probing port 8080. Set the WEBSITES_PORT app setting to match the port your application listens on. If your application needs more time to start, increase WEBSITES_CONTAINER_START_TIME_LIMIT. Please inspect your container logs for more details as this could indicate an issue with your application., Details: Site stopped at 08/02/2026 10:31:23 (UTC), DetailsLevel: ERR
2026-08-02T10:33:01.0853663Z State: Starting, Action: StartingSiteContainers, LastError: ContainerTimeout, LastErrorTimestamp: 08/02/2026 10:31:17, LastErrorDetails: Container did not respond to startup probe on port 8080 within the expected time limit of 230s. Port mismatch detected: the container is listening on port 80, 9000 but the platform is probing port 8080. Set the WEBSITES_PORT app setting to match the port your application listens on. If your application needs more time to start, increase WEBSITES_CONTAINER_START_TIME_LIMIT. Please inspect your container logs for more details as this could indicate an issue with your application., Details: Site stopped at 08/02/2026 10:31:23 (UTC), DetailsLevel: ERR
2026-08-02T10:33:01.0856821Z Container start method called.
2026-08-02T10:33:01.0920380Z State: Starting, Action: PullingImage, LastError: ContainerTimeout, LastErrorTimestamp: 08/02/2026 10:31:17, LastErrorDetails: Container did not respond to startup probe on port 8080 within the expected time limit of 230s. Port mismatch detected: the container is listening on port 80, 9000 but the platform is probing port 8080. Set the WEBSITES_PORT app setting to match the port your application listens on. If your application needs more time to start, increase WEBSITES_CONTAINER_START_TIME_LIMIT. Please inspect your container logs for more details as this could indicate an issue with your application., Details: Pulling image 10.1.0.5:13209/appsvc/php:8.2-fpm_20260428.5.tuxprod for qualityiq., DetailsLevel: INFO
2026-08-02T10:33:01.0923967Z Establishing network.
2026-08-02T10:33:01.1107126Z Pulling image: appsvc/php:8.2-fpm_20260428.5.tuxprod.
2026-08-02T10:33:01.7245902Z Container is starting.
2026-08-02T10:33:01.7247412Z State: Starting, Action: MountingVolumes, LastError: ContainerTimeout, LastErrorTimestamp: 08/02/2026 10:31:17, LastErrorDetails: Container did not respond to startup probe on port 8080 within the expected time limit of 230s. Port mismatch detected: the container is listening on port 80, 9000 but the platform is probing port 8080. Set the WEBSITES_PORT app setting to match the port your application listens on. If your application needs more time to start, increase WEBSITES_CONTAINER_START_TIME_LIMIT. Please inspect your container logs for more details as this could indicate an issue with your application., Details: Mounting volumes for qualityiq., DetailsLevel: INFO
2026-08-02T10:33:01.7256740Z Establishing user namespace if not established already.
2026-08-02T10:33:01.7257960Z Establishing network if not established already.
2026-08-02T10:33:01.7259609Z Mounting volumes.
2026-08-02T10:33:01.7267626Z Nested mountpoint 
2026-08-02T10:33:01.7947136Z Nested mountpoint volatile/logs
2026-08-02T10:33:01.8389513Z Nested mountpoint 
2026-08-02T10:33:01.8711991Z Nested mountpoint 
2026-08-02T10:33:02.1455469Z State: Starting, Action: CreatingContainer, LastError: ContainerTimeout, LastErrorTimestamp: 08/02/2026 10:31:17, LastErrorDetails: Container did not respond to startup probe on port 8080 within the expected time limit of 230s. Port mismatch detected: the container is listening on port 80, 9000 but the platform is probing port 8080. Set the WEBSITES_PORT app setting to match the port your application listens on. If your application needs more time to start, increase WEBSITES_CONTAINER_START_TIME_LIMIT. Please inspect your container logs for more details as this could indicate an issue with your application., Details: Finished pulling container image and mounting volumes for qualityiq. Allocatinng the rest of the container resources to finish container creation., DetailsLevel: INFO
2026-08-02T10:33:02.1457923Z Creating container.
2026-08-02T10:33:02.1459202Z Creating pipes for streaming container io.
2026-08-02T10:33:02.1460414Z Creating stdout named pipe at /podr/container/pipe/b0138a2d674b_qualityiq/stdout_bbb85ca2c16b4b7f9262637b90cf5f11.
2026-08-02T10:33:02.1560120Z Successfully created stdout named pipe at: /podr/container/pipe/b0138a2d674b_qualityiq/stdout_bbb85ca2c16b4b7f9262637b90cf5f11.
2026-08-02T10:33:02.1561510Z Opening named pipe /podr/container/pipe/b0138a2d674b_qualityiq/stdout_bbb85ca2c16b4b7f9262637b90cf5f11 for reading in non-blocking mode.
2026-08-02T10:33:02.1724906Z Successfully opened named pipe: /podr/container/pipe/b0138a2d674b_qualityiq/stdout_bbb85ca2c16b4b7f9262637b90cf5f11.
2026-08-02T10:33:02.1733901Z Successfully removed non-blocking flag from /podr/container/pipe/b0138a2d674b_qualityiq/stdout_bbb85ca2c16b4b7f9262637b90cf5f11.
2026-08-02T10:33:02.1736539Z Creating stderr named pipe at /podr/container/pipe/b0138a2d674b_qualityiq/stderr_359db1957ee04fb8a2463ef4d8d777e7.
2026-08-02T10:33:02.1740042Z Successfully created stderr named pipe at: /podr/container/pipe/b0138a2d674b_qualityiq/stderr_359db1957ee04fb8a2463ef4d8d777e7.
2026-08-02T10:33:02.1746268Z Opening named pipe /podr/container/pipe/b0138a2d674b_qualityiq/stderr_359db1957ee04fb8a2463ef4d8d777e7 for reading in non-blocking mode.
2026-08-02T10:33:02.2102226Z Successfully opened named pipe: /podr/container/pipe/b0138a2d674b_qualityiq/stderr_359db1957ee04fb8a2463ef4d8d777e7.
2026-08-02T10:33:02.2103301Z Successfully removed non-blocking flag from /podr/container/pipe/b0138a2d674b_qualityiq/stderr_359db1957ee04fb8a2463ef4d8d777e7.
2026-08-02T10:33:02.2110099Z Creating container with image: appsvc/php:8.2-fpm_20260428.5.tuxprod from registry: 10.1.0.5:13209 and fully qualified image name: 10.1.0.5:13209/appsvc/php:8.2-fpm_20260428.5.tuxprod
2026-08-02T10:33:04.5071802Z Starting container: b0138a2d674b_qualityiq.
2026-08-02T10:33:04.6213803Z Starting watchers and probes.
2026-08-02T10:33:04.6307753Z Starting metrics collection.
2026-08-02T10:33:04.6372765Z Container is running.
2026-08-02T10:33:04.6376452Z State: Starting, Action: CreatingContainer, LastError: ContainerTimeout, LastErrorTimestamp: 08/02/2026 10:31:17, LastErrorDetails: Container did not respond to startup probe on port 8080 within the expected time limit of 230s. Port mismatch detected: the container is listening on port 80, 9000 but the platform is probing port 8080. Set the WEBSITES_PORT app setting to match the port your application listens on. If your application needs more time to start, increase WEBSITES_CONTAINER_START_TIME_LIMIT. Please inspect your container logs for more details as this could indicate an issue with your application., Details: Container qualityiq successfully created and is running., DetailsLevel: INFO
2026-08-02T10:33:04.9502719Z Container start method finished after 3864 ms.
2026-08-02T10:33:04.9504212Z State: Starting, Action: InitiatingSiteWarmUpProbe, LastError: ContainerTimeout, LastErrorTimestamp: 08/02/2026 10:31:17, LastErrorDetails: Container did not respond to startup probe on port 8080 within the expected time limit of 230s. Port mismatch detected: the container is listening on port 80, 9000 but the platform is probing port 8080. Set the WEBSITES_PORT app setting to match the port your application listens on. If your application needs more time to start, increase WEBSITES_CONTAINER_START_TIME_LIMIT. Please inspect your container logs for more details as this could indicate an issue with your application., Details: Container qualityiq successfully created and is running., DetailsLevel: INFO
2026-08-02T10:33:04.9504500Z State: Starting, Action: WaitingForSiteWarmUpProbeSuccess, LastError: ContainerTimeout, LastErrorTimestamp: 08/02/2026 10:31:17, LastErrorDetails: Container did not respond to startup probe on port 8080 within the expected time limit of 230s. Port mismatch detected: the container is listening on port 80, 9000 but the platform is probing port 8080. Set the WEBSITES_PORT app setting to match the port your application listens on. If your application needs more time to start, increase WEBSITES_CONTAINER_START_TIME_LIMIT. Please inspect your container logs for more details as this could indicate an issue with your application., Details: Pinging warmup path to ensure container is ready to receive requests., DetailsLevel: INFO
2026-08-02T10:33:35.9940177Z Site startup probe succeeded after 31.0432197 seconds.
2026-08-02T10:33:36.2733103Z State: Starting, Action: WarmUpProbeSucceeded, LastError: ContainerTimeout, LastErrorTimestamp: 08/02/2026 10:31:17, LastErrorDetails: Container did not respond to startup probe on port 8080 within the expected time limit of 230s. Port mismatch detected: the container is listening on port 80, 9000 but the platform is probing port 8080. Set the WEBSITES_PORT app setting to match the port your application listens on. If your application needs more time to start, increase WEBSITES_CONTAINER_START_TIME_LIMIT. Please inspect your container logs for more details as this could indicate an issue with your application., Details: Site startup probe succeeded after 31.0432197 seconds., DetailsLevel: INFO
2026-08-02T10:33:36.7131941Z Site is running with deployment version: 1769cf11-0b66-4eaa-ba6f-0f864c69a521
2026-08-02T10:33:36.7138437Z Site started.
2026-08-02T10:33:36.7145844Z State: Started, Action: None, LastError: ContainerTimeout, LastErrorTimestamp: 08/02/2026 10:31:17, LastErrorDetails: Container did not respond to startup probe on port 8080 within the expected time limit of 230s. Port mismatch detected: the container is listening on port 80, 9000 but the platform is probing port 8080. Set the WEBSITES_PORT app setting to match the port your application listens on. If your application needs more time to start, increase WEBSITES_CONTAINER_START_TIME_LIMIT. Please inspect your container logs for more details as this could indicate an issue with your application., Details: Site started at 08/02/2026 10:33:36 (UTC), DetailsLevel: INFO
2026-08-02T10:33:36.7588946Z Site is running with patch version PHP-8.2.30
2026-08-02T10:43:38.2848094Z State: Starting, Action: EstablishingSiteNetworks, LastError: , LastErrorTimestamp: 01/01/0001 00:00:00, LastErrorDetails: , Details: , DetailsLevel: INFO
2026-08-02T10:43:41.9724314Z State: Starting, Action: StartingSiteContainers, LastError: , LastErrorTimestamp: 01/01/0001 00:00:00, LastErrorDetails: , Details: , DetailsLevel: INFO
2026-08-02T10:43:41.9725543Z Container start method called.
2026-08-02T10:43:41.9726316Z State: Starting, Action: PullingImage, LastError: , LastErrorTimestamp: 01/01/0001 00:00:00, LastErrorDetails: , Details: Pulling image 10.1.0.5:13209/appsvc/php:8.2-fpm_20260428.5.tuxprod for qualityiq., DetailsLevel: INFO
2026-08-02T10:43:41.9727112Z Establishing network.
2026-08-02T10:43:41.9727974Z Pulling image: appsvc/php:8.2-fpm_20260428.5.tuxprod.
2026-08-02T10:43:44.1591887Z Container is starting.
2026-08-02T10:43:44.1593764Z State: Starting, Action: MountingVolumes, LastError: , LastErrorTimestamp: 01/01/0001 00:00:00, LastErrorDetails: , Details: Mounting volumes for qualityiq., DetailsLevel: INFO
2026-08-02T10:43:44.1595279Z Establishing user namespace if not established already.
2026-08-02T10:43:44.1596257Z Establishing network if not established already.
2026-08-02T10:43:44.1597617Z Mounting volumes.
2026-08-02T10:43:44.1598814Z Nested mountpoint 
2026-08-02T10:43:44.1956649Z Nested mountpoint volatile/logs
2026-08-02T10:43:44.3086629Z Nested mountpoint 
2026-08-02T10:43:44.3819294Z Nested mountpoint 
2026-08-02T10:43:44.8023615Z State: Starting, Action: CreatingContainer, LastError: , LastErrorTimestamp: 01/01/0001 00:00:00, LastErrorDetails: , Details: Finished pulling container image and mounting volumes for qualityiq. Allocatinng the rest of the container resources to finish container creation., DetailsLevel: INFO
2026-08-02T10:43:44.8024508Z Creating container.
2026-08-02T10:43:44.8025250Z Creating pipes for streaming container io.
2026-08-02T10:43:44.8025901Z Creating stdout named pipe at /podr/container/pipe/0aeb4a0f33c7_qualityiq/stdout_50faa286a6364488b7c14352b22c0465.
2026-08-02T10:43:44.8027586Z Successfully created stdout named pipe at: /podr/container/pipe/0aeb4a0f33c7_qualityiq/stdout_50faa286a6364488b7c14352b22c0465.
2026-08-02T10:43:44.8174746Z Opening named pipe /podr/container/pipe/0aeb4a0f33c7_qualityiq/stdout_50faa286a6364488b7c14352b22c0465 for reading in non-blocking mode.
2026-08-02T10:43:44.8200430Z Successfully opened named pipe: /podr/container/pipe/0aeb4a0f33c7_qualityiq/stdout_50faa286a6364488b7c14352b22c0465.
2026-08-02T10:43:44.8201949Z Successfully removed non-blocking flag from /podr/container/pipe/0aeb4a0f33c7_qualityiq/stdout_50faa286a6364488b7c14352b22c0465.
2026-08-02T10:43:44.8387023Z Creating stderr named pipe at /podr/container/pipe/0aeb4a0f33c7_qualityiq/stderr_0a1e8f38d221483288acc876f6c9fc24.
2026-08-02T10:43:44.8546857Z Successfully created stderr named pipe at: /podr/container/pipe/0aeb4a0f33c7_qualityiq/stderr_0a1e8f38d221483288acc876f6c9fc24.
2026-08-02T10:43:44.8549501Z Opening named pipe /podr/container/pipe/0aeb4a0f33c7_qualityiq/stderr_0a1e8f38d221483288acc876f6c9fc24 for reading in non-blocking mode.
2026-08-02T10:43:44.8550750Z Successfully opened named pipe: /podr/container/pipe/0aeb4a0f33c7_qualityiq/stderr_0a1e8f38d221483288acc876f6c9fc24.
2026-08-02T10:43:44.8551481Z Successfully removed non-blocking flag from /podr/container/pipe/0aeb4a0f33c7_qualityiq/stderr_0a1e8f38d221483288acc876f6c9fc24.
2026-08-02T10:43:44.8564872Z Creating container with image: appsvc/php:8.2-fpm_20260428.5.tuxprod from registry: 10.1.0.5:13209 and fully qualified image name: 10.1.0.5:13209/appsvc/php:8.2-fpm_20260428.5.tuxprod
2026-08-02T10:43:47.0137291Z Starting container: 0aeb4a0f33c7_qualityiq.
2026-08-02T10:43:47.4005445Z Starting watchers and probes.
2026-08-02T10:43:47.4008012Z Starting metrics collection.
2026-08-02T10:43:47.4009005Z Container is running.
2026-08-02T10:43:47.4009695Z State: Starting, Action: CreatingContainer, LastError: , LastErrorTimestamp: 01/01/0001 00:00:00, LastErrorDetails: , Details: Container qualityiq successfully created and is running., DetailsLevel: INFO
2026-08-02T10:43:48.0590200Z Container start method finished after 6086 ms.
2026-08-02T10:43:48.0593858Z State: Starting, Action: InitiatingSiteWarmUpProbe, LastError: , LastErrorTimestamp: 01/01/0001 00:00:00, LastErrorDetails: , Details: Container qualityiq successfully created and is running., DetailsLevel: INFO
2026-08-02T10:43:48.0594243Z State: Starting, Action: WaitingForSiteWarmUpProbeSuccess, LastError: , LastErrorTimestamp: 01/01/0001 00:00:00, LastErrorDetails: , Details: Pinging warmup path to ensure container is ready to receive requests., DetailsLevel: INFO
2026-08-02T10:44:48.1942560Z Site startup probe succeeded after 60.1150048 seconds.
2026-08-02T10:44:48.6451977Z State: Starting, Action: WarmUpProbeSucceeded, LastError: , LastErrorTimestamp: 01/01/0001 00:00:00, LastErrorDetails: , Details: Site startup probe succeeded after 60.1150048 seconds., DetailsLevel: INFO
2026-08-02T10:44:49.3178256Z Site is running with deployment version: 1769cf11-0b66-4eaa-ba6f-0f864c69a521
2026-08-02T10:44:49.3180692Z Site started.
2026-08-02T10:44:49.3256135Z State: Started, Action: None, LastError: , LastErrorTimestamp: 01/01/0001 00:00:00, LastErrorDetails: , Details: Site started at 08/02/2026 10:44:49 (UTC), DetailsLevel: INFO
2026-08-02T10:44:49.3369256Z Site is running with patch version PHP-8.2.30
2026-08-02T10:45:09.6072029Z State: Stopping, Action: StoppingSite, LastError: ContainerTimeout, LastErrorTimestamp: 08/02/2026 10:31:17, LastErrorDetails: Container did not respond to startup probe on port 8080 within the expected time limit of 230s. Port mismatch detected: the container is listening on port 80, 9000 but the platform is probing port 8080. Set the WEBSITES_PORT app setting to match the port your application listens on. If your application needs more time to start, increase WEBSITES_CONTAINER_START_TIME_LIMIT. Please inspect your container logs for more details as this could indicate an issue with your application., Details: Site started at 08/02/2026 10:33:36 (UTC), DetailsLevel: INFO
2026-08-02T10:45:09.6253436Z State: Stopping, Action: StoppingSiteContainers, LastError: ContainerTimeout, LastErrorTimestamp: 08/02/2026 10:31:17, LastErrorDetails: Container did not respond to startup probe on port 8080 within the expected time limit of 230s. Port mismatch detected: the container is listening on port 80, 9000 but the platform is probing port 8080. Set the WEBSITES_PORT app setting to match the port your application listens on. If your application needs more time to start, increase WEBSITES_CONTAINER_START_TIME_LIMIT. Please inspect your container logs for more details as this could indicate an issue with your application., Details: Site started at 08/02/2026 10:33:36 (UTC), DetailsLevel: INFO
2026-08-02T10:45:09.6273613Z Container is terminating. Grace period: 5 seconds.
2026-08-02T10:45:09.7539628Z Stop and delete container. Retry count = 0
2026-08-02T10:45:09.7626916Z Stopping container: b0138a2d674b_qualityiq.
2026-08-02T10:45:15.0687898Z Deleting container: b0138a2d674b_qualityiq. Retry count = 0
2026-08-02T10:45:16.2629110Z Container spec TerminationMessagePolicy  path 
2026-08-02T10:45:16.2741658Z Container is terminated. Total time elapsed: 6644 ms.
2026-08-02T10:45:16.2755352Z Site: qualityiq stopped.
2026-08-02T10:51:22.9293848Z State: Starting, Action: EstablishingSiteNetworks, LastError: , LastErrorTimestamp: 01/01/0001 00:00:00, LastErrorDetails: , Details: , DetailsLevel: INFO
2026-08-02T10:51:25.9885990Z State: Starting, Action: StartingSiteContainers, LastError: , LastErrorTimestamp: 01/01/0001 00:00:00, LastErrorDetails: , Details: , DetailsLevel: INFO
2026-08-02T10:51:25.9959453Z Container start method called.
2026-08-02T10:51:26.0068496Z State: Starting, Action: PullingImage, LastError: , LastErrorTimestamp: 01/01/0001 00:00:00, LastErrorDetails: , Details: Pulling image 10.1.0.7:13209/appsvc/php:8.2-fpm_20260428.5.tuxprod for qualityiq., DetailsLevel: INFO
2026-08-02T10:51:26.0071538Z Establishing network.
2026-08-02T10:51:26.0072661Z Pulling image: appsvc/php:8.2-fpm_20260428.5.tuxprod.
2026-08-02T10:51:26.5333777Z Container is starting.
2026-08-02T10:51:26.5341023Z State: Starting, Action: MountingVolumes, LastError: , LastErrorTimestamp: 01/01/0001 00:00:00, LastErrorDetails: , Details: Mounting volumes for qualityiq., DetailsLevel: INFO
2026-08-02T10:51:26.5342955Z Establishing user namespace if not established already.
2026-08-02T10:51:26.5344864Z Establishing network if not established already.
2026-08-02T10:51:26.5416179Z Mounting volumes.
2026-08-02T10:51:26.5502226Z Nested mountpoint 
2026-08-02T10:51:26.6366327Z Nested mountpoint volatile/logs
2026-08-02T10:51:26.6536245Z Nested mountpoint 
2026-08-02T10:51:26.6935645Z Nested mountpoint 
2026-08-02T10:51:26.8762259Z State: Starting, Action: CreatingContainer, LastError: , LastErrorTimestamp: 01/01/0001 00:00:00, LastErrorDetails: , Details: Finished pulling container image and mounting volumes for qualityiq. Allocatinng the rest of the container resources to finish container creation., DetailsLevel: INFO
2026-08-02T10:51:26.8764526Z Creating container.
2026-08-02T10:51:26.8765255Z Creating pipes for streaming container io.
2026-08-02T10:51:26.8766043Z Creating stdout named pipe at /podr/container/pipe/4d8c48bd6c65_qualityiq/stdout_d6716e0a2b2043d58afaea33d1030638.
2026-08-02T10:51:26.9054425Z Successfully created stdout named pipe at: /podr/container/pipe/4d8c48bd6c65_qualityiq/stdout_d6716e0a2b2043d58afaea33d1030638.
2026-08-02T10:51:26.9055286Z Opening named pipe /podr/container/pipe/4d8c48bd6c65_qualityiq/stdout_d6716e0a2b2043d58afaea33d1030638 for reading in non-blocking mode.
2026-08-02T10:51:26.9256847Z Successfully opened named pipe: /podr/container/pipe/4d8c48bd6c65_qualityiq/stdout_d6716e0a2b2043d58afaea33d1030638.
2026-08-02T10:51:26.9272316Z Successfully removed non-blocking flag from /podr/container/pipe/4d8c48bd6c65_qualityiq/stdout_d6716e0a2b2043d58afaea33d1030638.
2026-08-02T10:51:27.0192689Z Creating stderr named pipe at /podr/container/pipe/4d8c48bd6c65_qualityiq/stderr_e1f55d573323443d8027650c9b76f87b.
2026-08-02T10:51:27.0195788Z Successfully created stderr named pipe at: /podr/container/pipe/4d8c48bd6c65_qualityiq/stderr_e1f55d573323443d8027650c9b76f87b.
2026-08-02T10:51:27.0197519Z Opening named pipe /podr/container/pipe/4d8c48bd6c65_qualityiq/stderr_e1f55d573323443d8027650c9b76f87b for reading in non-blocking mode.
2026-08-02T10:51:27.0279072Z Successfully opened named pipe: /podr/container/pipe/4d8c48bd6c65_qualityiq/stderr_e1f55d573323443d8027650c9b76f87b.
2026-08-02T10:51:27.0280397Z Successfully removed non-blocking flag from /podr/container/pipe/4d8c48bd6c65_qualityiq/stderr_e1f55d573323443d8027650c9b76f87b.
2026-08-02T10:51:27.0284533Z Creating container with image: appsvc/php:8.2-fpm_20260428.5.tuxprod from registry: 10.1.0.7:13209 and fully qualified image name: 10.1.0.7:13209/appsvc/php:8.2-fpm_20260428.5.tuxprod
2026-08-02T10:51:28.3439282Z Starting container: 4d8c48bd6c65_qualityiq.
2026-08-02T10:51:28.4629347Z Starting watchers and probes.
2026-08-02T10:51:28.4655131Z Starting metrics collection.
2026-08-02T10:51:28.4726643Z Container is running.
2026-08-02T10:51:28.4738421Z State: Starting, Action: CreatingContainer, LastError: , LastErrorTimestamp: 01/01/0001 00:00:00, LastErrorDetails: , Details: Container qualityiq successfully created and is running., DetailsLevel: INFO
2026-08-02T10:51:28.6329384Z Container start method finished after 2629 ms.
2026-08-02T10:51:28.6334008Z State: Starting, Action: InitiatingSiteWarmUpProbe, LastError: , LastErrorTimestamp: 01/01/0001 00:00:00, LastErrorDetails: , Details: Container qualityiq successfully created and is running., DetailsLevel: INFO
2026-08-02T10:51:28.6334343Z State: Starting, Action: WaitingForSiteWarmUpProbeSuccess, LastError: , LastErrorTimestamp: 01/01/0001 00:00:00, LastErrorDetails: , Details: Pinging warmup path to ensure container is ready to receive requests., DetailsLevel: INFO
2026-08-02T10:51:59.8349054Z Site startup probe succeeded after 31.0759019 seconds.
2026-08-02T10:52:00.1428206Z State: Starting, Action: WarmUpProbeSucceeded, LastError: , LastErrorTimestamp: 01/01/0001 00:00:00, LastErrorDetails: , Details: Site startup probe succeeded after 31.0759019 seconds., DetailsLevel: INFO
2026-08-02T10:52:00.8033663Z Site is running with deployment version: e07bcdd7-596c-43a5-a705-7ad0e0ba30c2
2026-08-02T10:52:00.8036626Z Site started.
2026-08-02T10:52:00.8039877Z State: Started, Action: None, LastError: , LastErrorTimestamp: 01/01/0001 00:00:00, LastErrorDetails: , Details: Site started at 08/02/2026 10:52:00 (UTC), DetailsLevel: INFO
2026-08-02T10:52:00.8124497Z Site is running with patch version PHP-8.2.30
2026-08-02T10:52:21.1212576Z State: Stopping, Action: StoppingSite, LastError: ContainerTimeout, LastErrorTimestamp: 08/02/2026 10:31:17, LastErrorDetails: Container did not respond to startup probe on port 8080 within the expected time limit of 230s. Port mismatch detected: the container is listening on port 80, 9000 but the platform is probing port 8080. Set the WEBSITES_PORT app setting to match the port your application listens on. If your application needs more time to start, increase WEBSITES_CONTAINER_START_TIME_LIMIT. Please inspect your container logs for more details as this could indicate an issue with your application., Details: Site started at 08/02/2026 10:44:49 (UTC), DetailsLevel: INFO
2026-08-02T10:52:21.1382950Z State: Stopping, Action: StoppingSiteContainers, LastError: ContainerTimeout, LastErrorTimestamp: 08/02/2026 10:31:17, LastErrorDetails: Container did not respond to startup probe on port 8080 within the expected time limit of 230s. Port mismatch detected: the container is listening on port 80, 9000 but the platform is probing port 8080. Set the WEBSITES_PORT app setting to match the port your application listens on. If your application needs more time to start, increase WEBSITES_CONTAINER_START_TIME_LIMIT. Please inspect your container logs for more details as this could indicate an issue with your application., Details: Site started at 08/02/2026 10:44:49 (UTC), DetailsLevel: INFO
2026-08-02T10:52:21.1640579Z Container is terminating. Grace period: 5 seconds.
2026-08-02T10:52:21.3180231Z Stop and delete container. Retry count = 0
2026-08-02T10:52:21.3305170Z Stopping container: 0aeb4a0f33c7_qualityiq.
2026-08-02T10:52:26.5575346Z Deleting container: 0aeb4a0f33c7_qualityiq. Retry count = 0
2026-08-02T10:52:26.9504304Z Container spec TerminationMessagePolicy  path 
2026-08-02T10:52:26.9583366Z Container is terminated. Total time elapsed: 5793 ms.
2026-08-02T10:52:26.9593074Z Site: qualityiq stopped.
2026-08-02T10:52:44.5878260Z State: Starting, Action: EstablishingSiteNetworks, LastError: , LastErrorTimestamp: 01/01/0001 00:00:00, LastErrorDetails: , Details: , DetailsLevel: INFO
2026-08-02T10:52:44.8092004Z State: Stopping, Action: CancellingStartup, LastError: SiteStartupCancelled, LastErrorTimestamp: 08/02/2026 10:52:44, LastErrorDetails: Site stopped manually or container terminated, Details: Site stopped manually or container terminated, DetailsLevel: WARN
2026-08-02T10:52:44.8369329Z State: Stopping, Action: StoppingSite, LastError: SiteStartupCancelled, LastErrorTimestamp: 08/02/2026 10:52:44, LastErrorDetails: Site stopped manually or container terminated, Details: Site stopped manually or container terminated, DetailsLevel: WARN
2026-08-02T10:52:44.8372637Z State: Stopping, Action: StoppingSiteContainers, LastError: SiteStartupCancelled, LastErrorTimestamp: 08/02/2026 10:52:44, LastErrorDetails: Site stopped manually or container terminated, Details: Site stopped manually or container terminated, DetailsLevel: WARN
2026-08-02T10:52:44.8372845Z Site: qualityiq stopped.
2026-08-02T10:53:05.7507646Z State: Stopping, Action: StoppingSite, LastError: ContainerTimeout, LastErrorTimestamp: 08/02/2026 10:31:17, LastErrorDetails: Container did not respond to startup probe on port 8080 within the expected time limit of 230s. Port mismatch detected: the container is listening on port 80, 9000 but the platform is probing port 8080. Set the WEBSITES_PORT app setting to match the port your application listens on. If your application needs more time to start, increase WEBSITES_CONTAINER_START_TIME_LIMIT. Please inspect your container logs for more details as this could indicate an issue with your application., Details: Site started at 08/02/2026 10:52:00 (UTC), DetailsLevel: INFO
2026-08-02T10:53:05.7510903Z State: Stopping, Action: StoppingSiteContainers, LastError: ContainerTimeout, LastErrorTimestamp: 08/02/2026 10:31:17, LastErrorDetails: Container did not respond to startup probe on port 8080 within the expected time limit of 230s. Port mismatch detected: the container is listening on port 80, 9000 but the platform is probing port 8080. Set the WEBSITES_PORT app setting to match the port your application listens on. If your application needs more time to start, increase WEBSITES_CONTAINER_START_TIME_LIMIT. Please inspect your container logs for more details as this could indicate an issue with your application., Details: Site started at 08/02/2026 10:52:00 (UTC), DetailsLevel: INFO
2026-08-02T10:53:05.7512125Z Container is terminating. Grace period: 5 seconds.
2026-08-02T10:53:05.7700831Z Stop and delete container. Retry count = 0
2026-08-02T10:53:05.7701880Z Stopping container: 4d8c48bd6c65_qualityiq.
2026-08-02T10:53:10.9067901Z Deleting container: 4d8c48bd6c65_qualityiq. Retry count = 0
2026-08-02T10:53:11.2115836Z Container spec TerminationMessagePolicy  path 
2026-08-02T10:53:11.2126907Z Container is terminated. Total time elapsed: 5461 ms.
2026-08-02T10:53:11.2139479Z Site: qualityiq stopped.
2026-08-02T10:53:32.2296469Z State: Starting, Action: EstablishingSiteNetworks, LastError: SiteStartupCancelled, LastErrorTimestamp: 08/02/2026 10:52:44, LastErrorDetails: Site stopped manually or container terminated, Details: Site stopped at 08/02/2026 10:52:45 (UTC), DetailsLevel: WARN
2026-08-02T10:53:33.8182543Z State: Starting, Action: StartingSiteContainers, LastError: SiteStartupCancelled, LastErrorTimestamp: 08/02/2026 10:52:44, LastErrorDetails: Site stopped manually or container terminated, Details: Site stopped at 08/02/2026 10:52:45 (UTC), DetailsLevel: WARN
2026-08-02T10:53:33.8183523Z Container start method called.
2026-08-02T10:53:33.8184625Z State: Starting, Action: PullingImage, LastError: SiteStartupCancelled, LastErrorTimestamp: 08/02/2026 10:52:44, LastErrorDetails: Site stopped manually or container terminated, Details: Pulling image 10.1.0.7:13209/appsvc/php:8.2-fpm_20260428.5.tuxprod for qualityiq., DetailsLevel: INFO
2026-08-02T10:53:33.8185353Z Establishing network.
2026-08-02T10:53:33.8202150Z Pulling image: appsvc/php:8.2-fpm_20260428.5.tuxprod.
2026-08-02T10:53:34.1423786Z Container is starting.
2026-08-02T10:53:34.1425662Z State: Starting, Action: MountingVolumes, LastError: SiteStartupCancelled, LastErrorTimestamp: 08/02/2026 10:52:44, LastErrorDetails: Site stopped manually or container terminated, Details: Mounting volumes for qualityiq., DetailsLevel: INFO
2026-08-02T10:53:34.1426404Z Establishing user namespace if not established already.
2026-08-02T10:53:34.1426987Z Establishing network if not established already.
2026-08-02T10:53:34.1427808Z Mounting volumes.
2026-08-02T10:53:34.1439697Z Nested mountpoint 
2026-08-02T10:53:34.1536125Z Nested mountpoint volatile/logs
2026-08-02T10:53:34.1735427Z Nested mountpoint 
2026-08-02T10:53:34.1910501Z Nested mountpoint 
2026-08-02T10:53:34.2092063Z State: Starting, Action: CreatingContainer, LastError: SiteStartupCancelled, LastErrorTimestamp: 08/02/2026 10:52:44, LastErrorDetails: Site stopped manually or container terminated, Details: Finished pulling container image and mounting volumes for qualityiq. Allocatinng the rest of the container resources to finish container creation., DetailsLevel: INFO
2026-08-02T10:53:34.2093286Z Creating container.
2026-08-02T10:53:34.2094238Z Creating pipes for streaming container io.
2026-08-02T10:53:34.2095235Z Creating stdout named pipe at /podr/container/pipe/99df71a81eb7_qualityiq/stdout_a9feebb9beb641bea52d031d800f49b8.
2026-08-02T10:53:34.2099002Z Successfully created stdout named pipe at: /podr/container/pipe/99df71a81eb7_qualityiq/stdout_a9feebb9beb641bea52d031d800f49b8.
2026-08-02T10:53:34.2099698Z Opening named pipe /podr/container/pipe/99df71a81eb7_qualityiq/stdout_a9feebb9beb641bea52d031d800f49b8 for reading in non-blocking mode.
2026-08-02T10:53:34.2100454Z Successfully opened named pipe: /podr/container/pipe/99df71a81eb7_qualityiq/stdout_a9feebb9beb641bea52d031d800f49b8.
2026-08-02T10:53:34.2100988Z Successfully removed non-blocking flag from /podr/container/pipe/99df71a81eb7_qualityiq/stdout_a9feebb9beb641bea52d031d800f49b8.
2026-08-02T10:53:34.2167759Z Creating stderr named pipe at /podr/container/pipe/99df71a81eb7_qualityiq/stderr_c5fc446931ac4063bd53b1dec41945ec.
2026-08-02T10:53:34.2169076Z Successfully created stderr named pipe at: /podr/container/pipe/99df71a81eb7_qualityiq/stderr_c5fc446931ac4063bd53b1dec41945ec.
2026-08-02T10:53:34.2169722Z Opening named pipe /podr/container/pipe/99df71a81eb7_qualityiq/stderr_c5fc446931ac4063bd53b1dec41945ec for reading in non-blocking mode.
2026-08-02T10:53:34.2170493Z Successfully opened named pipe: /podr/container/pipe/99df71a81eb7_qualityiq/stderr_c5fc446931ac4063bd53b1dec41945ec.
2026-08-02T10:53:34.2174136Z Successfully removed non-blocking flag from /podr/container/pipe/99df71a81eb7_qualityiq/stderr_c5fc446931ac4063bd53b1dec41945ec.
2026-08-02T10:53:34.2175437Z Creating container with image: appsvc/php:8.2-fpm_20260428.5.tuxprod from registry: 10.1.0.7:13209 and fully qualified image name: 10.1.0.7:13209/appsvc/php:8.2-fpm_20260428.5.tuxprod
2026-08-02T10:53:34.8915863Z Starting container: 99df71a81eb7_qualityiq.
2026-08-02T10:53:35.0059311Z Starting watchers and probes.
2026-08-02T10:53:35.0064972Z Starting metrics collection.
2026-08-02T10:53:35.0125216Z Container is running.
2026-08-02T10:53:35.0127727Z State: Starting, Action: CreatingContainer, LastError: SiteStartupCancelled, LastErrorTimestamp: 08/02/2026 10:52:44, LastErrorDetails: Site stopped manually or container terminated, Details: Container qualityiq successfully created and is running., DetailsLevel: INFO
2026-08-02T10:53:35.1374006Z Container start method finished after 1318 ms.
2026-08-02T10:53:35.1375413Z State: Starting, Action: InitiatingSiteWarmUpProbe, LastError: SiteStartupCancelled, LastErrorTimestamp: 08/02/2026 10:52:44, LastErrorDetails: Site stopped manually or container terminated, Details: Container qualityiq successfully created and is running., DetailsLevel: INFO
2026-08-02T10:53:35.1375761Z State: Starting, Action: WaitingForSiteWarmUpProbeSuccess, LastError: SiteStartupCancelled, LastErrorTimestamp: 08/02/2026 10:52:44, LastErrorDetails: Site stopped manually or container terminated, Details: Pinging warmup path to ensure container is ready to receive requests., DetailsLevel: INFO
2026-08-02T10:54:04.3180381Z Site startup probe succeeded after 29.1399975 seconds.
2026-08-02T10:54:04.9130137Z State: Starting, Action: WarmUpProbeSucceeded, LastError: SiteStartupCancelled, LastErrorTimestamp: 08/02/2026 10:52:44, LastErrorDetails: Site stopped manually or container terminated, Details: Site startup probe succeeded after 29.1399975 seconds., DetailsLevel: INFO
2026-08-02T10:54:06.1196102Z Site is running with deployment version: e07bcdd7-596c-43a5-a705-7ad0e0ba30c2
2026-08-02T10:54:06.1199443Z Site started.
2026-08-02T10:54:06.1207765Z State: Started, Action: None, LastError: SiteStartupCancelled, LastErrorTimestamp: 08/02/2026 10:52:44, LastErrorDetails: Site stopped manually or container terminated, Details: Site started at 08/02/2026 10:54:06 (UTC), DetailsLevel: INFO
2026-08-02T10:54:06.1588209Z Site is running with patch version PHP-8.2.30
2026-08-02T10:55:34.8409236Z State: Starting, Action: EstablishingSiteNetworks, LastError: , LastErrorTimestamp: 01/01/0001 00:00:00, LastErrorDetails: , Details: , DetailsLevel: INFO
2026-08-02T10:55:38.3397217Z State: Starting, Action: StartingSiteContainers, LastError: , LastErrorTimestamp: 01/01/0001 00:00:00, LastErrorDetails: , Details: , DetailsLevel: INFO
2026-08-02T10:55:38.3398289Z Container start method called.
2026-08-02T10:55:38.3399136Z State: Starting, Action: PullingImage, LastError: , LastErrorTimestamp: 01/01/0001 00:00:00, LastErrorDetails: , Details: Pulling image 10.1.0.5:13209/appsvc/php:8.2-fpm_20260428.5.tuxprod for qualityiq., DetailsLevel: INFO
2026-08-02T10:55:38.3399784Z Establishing network.
2026-08-02T10:55:38.3400636Z Pulling image: appsvc/php:8.2-fpm_20260428.5.tuxprod.
2026-08-02T10:55:40.7390572Z Container is starting.
2026-08-02T10:55:40.7392059Z State: Starting, Action: MountingVolumes, LastError: , LastErrorTimestamp: 01/01/0001 00:00:00, LastErrorDetails: , Details: Mounting volumes for qualityiq., DetailsLevel: INFO
2026-08-02T10:55:40.7392914Z Establishing user namespace if not established already.
2026-08-02T10:55:40.7393567Z Establishing network if not established already.
2026-08-02T10:55:40.7394366Z Mounting volumes.
2026-08-02T10:55:40.7395429Z Nested mountpoint 
2026-08-02T10:55:40.7955948Z Nested mountpoint volatile/logs
2026-08-02T10:55:40.8640322Z Nested mountpoint 
2026-08-02T10:55:40.8823963Z Nested mountpoint 
2026-08-02T10:55:41.0888110Z State: Starting, Action: CreatingContainer, LastError: , LastErrorTimestamp: 01/01/0001 00:00:00, LastErrorDetails: , Details: Finished pulling container image and mounting volumes for qualityiq. Allocatinng the rest of the container resources to finish container creation., DetailsLevel: INFO
2026-08-02T10:55:41.0903118Z Creating container.
2026-08-02T10:55:41.0904760Z Creating pipes for streaming container io.
2026-08-02T10:55:41.2027694Z Creating stdout named pipe at /podr/container/pipe/9eb0b35ad2ec_qualityiq/stdout_761cbcfbb33e4309a534634451f7ce0f.
2026-08-02T10:55:41.2036837Z Successfully created stdout named pipe at: /podr/container/pipe/9eb0b35ad2ec_qualityiq/stdout_761cbcfbb33e4309a534634451f7ce0f.
2026-08-02T10:55:41.2039411Z Opening named pipe /podr/container/pipe/9eb0b35ad2ec_qualityiq/stdout_761cbcfbb33e4309a534634451f7ce0f for reading in non-blocking mode.
2026-08-02T10:55:41.2112251Z Successfully opened named pipe: /podr/container/pipe/9eb0b35ad2ec_qualityiq/stdout_761cbcfbb33e4309a534634451f7ce0f.
2026-08-02T10:55:41.2129005Z Successfully removed non-blocking flag from /podr/container/pipe/9eb0b35ad2ec_qualityiq/stdout_761cbcfbb33e4309a534634451f7ce0f.
2026-08-02T10:55:41.2412403Z Creating stderr named pipe at /podr/container/pipe/9eb0b35ad2ec_qualityiq/stderr_b47f436cafba429ba73cf041b77ce81e.
2026-08-02T10:55:41.2416347Z Successfully created stderr named pipe at: /podr/container/pipe/9eb0b35ad2ec_qualityiq/stderr_b47f436cafba429ba73cf041b77ce81e.
2026-08-02T10:55:41.2422595Z Opening named pipe /podr/container/pipe/9eb0b35ad2ec_qualityiq/stderr_b47f436cafba429ba73cf041b77ce81e for reading in non-blocking mode.
2026-08-02T10:55:41.2424421Z Successfully opened named pipe: /podr/container/pipe/9eb0b35ad2ec_qualityiq/stderr_b47f436cafba429ba73cf041b77ce81e.
2026-08-02T10:55:41.2425580Z Successfully removed non-blocking flag from /podr/container/pipe/9eb0b35ad2ec_qualityiq/stderr_b47f436cafba429ba73cf041b77ce81e.
2026-08-02T10:55:41.2805844Z Creating container with image: appsvc/php:8.2-fpm_20260428.5.tuxprod from registry: 10.1.0.5:13209 and fully qualified image name: 10.1.0.5:13209/appsvc/php:8.2-fpm_20260428.5.tuxprod
2026-08-02T10:55:44.5797056Z Container start up interrupted. Revert by terminate.
2026-08-02T10:55:44.5798201Z Container is terminating. Grace period: 5 seconds.
2026-08-02T10:55:44.5800428Z Stop and delete container. Retry count = 0
2026-08-02T10:55:44.5801053Z Stopping container: 9eb0b35ad2ec_qualityiq.
2026-08-02T10:55:44.9284090Z Deleting container: 9eb0b35ad2ec_qualityiq. Retry count = 0
2026-08-02T10:55:46.0463385Z Container spec TerminationMessagePolicy  path 
2026-08-02T10:55:46.0464456Z Container is terminated. Total time elapsed: 1466 ms.
2026-08-02T10:55:46.0465113Z Site container: qualityiq terminated during site startup.
2026-08-02T10:55:46.0466303Z State: Stopping, Action: CancellingStartup, LastError: , LastErrorTimestamp: 01/01/0001 00:00:00, LastErrorDetails: , Details: Site container: qualityiq terminated during site startup. Cancelling site startup., DetailsLevel: ERR
2026-08-02T10:55:46.2480646Z State: Stopping, Action: CancellingStartup, LastError: SiteStartupCancelled, LastErrorTimestamp: 08/02/2026 10:55:46, LastErrorDetails: Site stopped manually or container terminated, Details: Site stopped manually or container terminated, DetailsLevel: WARN
2026-08-02T10:55:46.9569902Z Site container: qualityiq terminated. Stopping the entire site.
2026-08-02T10:55:46.9572555Z State: Stopping, Action: StoppingSite, LastError: SiteStartupCancelled, LastErrorTimestamp: 08/02/2026 10:55:46, LastErrorDetails: Site stopped manually or container terminated, Details: Site stopped manually or container terminated, DetailsLevel: WARN
2026-08-02T10:55:46.9574793Z State: Stopping, Action: StoppingSiteContainers, LastError: SiteStartupCancelled, LastErrorTimestamp: 08/02/2026 10:55:46, LastErrorDetails: Site stopped manually or container terminated, Details: Site stopped manually or container terminated, DetailsLevel: WARN
2026-08-02T10:55:46.9574982Z Site: qualityiq stopped.
2026-08-02T10:56:07.0506570Z State: Stopping, Action: StoppingSite, LastError: SiteStartupCancelled, LastErrorTimestamp: 08/02/2026 10:52:44, LastErrorDetails: Site stopped manually or container terminated, Details: Site started at 08/02/2026 10:54:06 (UTC), DetailsLevel: INFO
2026-08-02T10:56:07.0508880Z State: Stopping, Action: StoppingSiteContainers, LastError: SiteStartupCancelled, LastErrorTimestamp: 08/02/2026 10:52:44, LastErrorDetails: Site stopped manually or container terminated, Details: Site started at 08/02/2026 10:54:06 (UTC), DetailsLevel: INFO
2026-08-02T10:56:07.0509783Z Container is terminating. Grace period: 5 seconds.
2026-08-02T10:56:07.1577701Z Stop and delete container. Retry count = 0
2026-08-02T10:56:07.2397098Z Stopping container: 99df71a81eb7_qualityiq.
2026-08-02T10:56:12.3195855Z Deleting container: 99df71a81eb7_qualityiq. Retry count = 0
2026-08-02T10:56:12.6557191Z Container spec TerminationMessagePolicy  path 
2026-08-02T10:56:12.6558393Z Container is terminated. Total time elapsed: 5604 ms.
2026-08-02T10:56:12.6559953Z Site: qualityiq stopped.
2026-08-02T11:00:09.6552214Z State: Starting, Action: EstablishingSiteNetworks, LastError: SiteStartupCancelled, LastErrorTimestamp: 08/02/2026 10:55:46, LastErrorDetails: Site stopped manually or container terminated, Details: Site stopped at 08/02/2026 10:55:47 (UTC), DetailsLevel: WARN
2026-08-02T11:00:13.7465010Z State: Starting, Action: StartingSiteContainers, LastError: SiteStartupCancelled, LastErrorTimestamp: 08/02/2026 10:55:46, LastErrorDetails: Site stopped manually or container terminated, Details: Site stopped at 08/02/2026 10:55:47 (UTC), DetailsLevel: WARN
2026-08-02T11:00:13.7466775Z Container start method called.
2026-08-02T11:00:13.7560437Z State: Starting, Action: PullingImage, LastError: SiteStartupCancelled, LastErrorTimestamp: 08/02/2026 10:55:46, LastErrorDetails: Site stopped manually or container terminated, Details: Pulling image 10.1.0.5:13209/appsvc/php:8.2-fpm_20260428.5.tuxprod for qualityiq., DetailsLevel: INFO
2026-08-02T11:00:13.7571993Z Establishing network.
2026-08-02T11:00:13.7653009Z Pulling image: appsvc/php:8.2-fpm_20260428.5.tuxprod.
2026-08-02T11:00:14.3944325Z Container is starting.
2026-08-02T11:00:14.3955495Z State: Starting, Action: MountingVolumes, LastError: SiteStartupCancelled, LastErrorTimestamp: 08/02/2026 10:55:46, LastErrorDetails: Site stopped manually or container terminated, Details: Mounting volumes for qualityiq., DetailsLevel: INFO
2026-08-02T11:00:14.3956760Z Establishing user namespace if not established already.
2026-08-02T11:00:14.4121179Z Establishing network if not established already.
2026-08-02T11:00:14.4125431Z Mounting volumes.
2026-08-02T11:00:14.4223107Z Nested mountpoint 
2026-08-02T11:00:14.4534878Z Nested mountpoint volatile/logs
2026-08-02T11:00:14.7924655Z Nested mountpoint 
2026-08-02T11:00:14.8002519Z Nested mountpoint 
2026-08-02T11:00:14.8301602Z State: Starting, Action: CreatingContainer, LastError: SiteStartupCancelled, LastErrorTimestamp: 08/02/2026 10:55:46, LastErrorDetails: Site stopped manually or container terminated, Details: Finished pulling container image and mounting volumes for qualityiq. Allocatinng the rest of the container resources to finish container creation., DetailsLevel: INFO
2026-08-02T11:00:14.8320507Z Creating container.
2026-08-02T11:00:14.8495046Z Creating pipes for streaming container io.
2026-08-02T11:00:14.8496335Z Creating stdout named pipe at /podr/container/pipe/e05bb810cb03_qualityiq/stdout_4a78a37b8f674dabb3a5906d8e3d7ea6.
2026-08-02T11:00:14.8877746Z Successfully created stdout named pipe at: /podr/container/pipe/e05bb810cb03_qualityiq/stdout_4a78a37b8f674dabb3a5906d8e3d7ea6.
2026-08-02T11:00:14.8879533Z Opening named pipe /podr/container/pipe/e05bb810cb03_qualityiq/stdout_4a78a37b8f674dabb3a5906d8e3d7ea6 for reading in non-blocking mode.
2026-08-02T11:00:14.8881402Z Successfully opened named pipe: /podr/container/pipe/e05bb810cb03_qualityiq/stdout_4a78a37b8f674dabb3a5906d8e3d7ea6.
2026-08-02T11:00:14.8882428Z Successfully removed non-blocking flag from /podr/container/pipe/e05bb810cb03_qualityiq/stdout_4a78a37b8f674dabb3a5906d8e3d7ea6.
2026-08-02T11:00:14.9119477Z Creating stderr named pipe at /podr/container/pipe/e05bb810cb03_qualityiq/stderr_edab5f1d7d6548948c2b8090d9fbf037.
2026-08-02T11:00:14.9215682Z Successfully created stderr named pipe at: /podr/container/pipe/e05bb810cb03_qualityiq/stderr_edab5f1d7d6548948c2b8090d9fbf037.
2026-08-02T11:00:14.9216958Z Opening named pipe /podr/container/pipe/e05bb810cb03_qualityiq/stderr_edab5f1d7d6548948c2b8090d9fbf037 for reading in non-blocking mode.
2026-08-02T11:00:14.9218555Z Successfully opened named pipe: /podr/container/pipe/e05bb810cb03_qualityiq/stderr_edab5f1d7d6548948c2b8090d9fbf037.
2026-08-02T11:00:14.9219650Z Successfully removed non-blocking flag from /podr/container/pipe/e05bb810cb03_qualityiq/stderr_edab5f1d7d6548948c2b8090d9fbf037.
2026-08-02T11:00:14.9615484Z Creating container with image: appsvc/php:8.2-fpm_20260428.5.tuxprod from registry: 10.1.0.5:13209 and fully qualified image name: 10.1.0.5:13209/appsvc/php:8.2-fpm_20260428.5.tuxprod
2026-08-02T11:00:16.6899414Z Starting container: e05bb810cb03_qualityiq.
2026-08-02T11:00:16.8514846Z Starting watchers and probes.
2026-08-02T11:00:16.9006386Z Starting metrics collection.
2026-08-02T11:00:16.9186401Z Container is running.
2026-08-02T11:00:16.9188554Z State: Starting, Action: CreatingContainer, LastError: SiteStartupCancelled, LastErrorTimestamp: 08/02/2026 10:55:46, LastErrorDetails: Site stopped manually or container terminated, Details: Container qualityiq successfully created and is running., DetailsLevel: INFO
2026-08-02T11:00:17.0027108Z Container start method finished after 3255 ms.
2026-08-02T11:00:17.0119074Z State: Starting, Action: InitiatingSiteWarmUpProbe, LastError: SiteStartupCancelled, LastErrorTimestamp: 08/02/2026 10:55:46, LastErrorDetails: Site stopped manually or container terminated, Details: Container qualityiq successfully created and is running., DetailsLevel: INFO
2026-08-02T11:00:17.0125607Z State: Starting, Action: WaitingForSiteWarmUpProbeSuccess, LastError: SiteStartupCancelled, LastErrorTimestamp: 08/02/2026 10:55:46, LastErrorDetails: Site stopped manually or container terminated, Details: Pinging warmup path to ensure container is ready to receive requests., DetailsLevel: INFO
2026-08-02T11:00:46.1763127Z Site startup probe succeeded after 29.0548396 seconds.
2026-08-02T11:00:46.5942871Z State: Starting, Action: WarmUpProbeSucceeded, LastError: SiteStartupCancelled, LastErrorTimestamp: 08/02/2026 10:55:46, LastErrorDetails: Site stopped manually or container terminated, Details: Site startup probe succeeded after 29.0548396 seconds., DetailsLevel: INFO
2026-08-02T11:00:47.1921833Z Site is running with deployment version: cf90dc48-1e42-4abe-881f-7e6521b75619
2026-08-02T11:00:47.1937372Z Site started.
2026-08-02T11:00:47.1938645Z State: Started, Action: None, LastError: SiteStartupCancelled, LastErrorTimestamp: 08/02/2026 10:55:46, LastErrorDetails: Site stopped manually or container terminated, Details: Site started at 08/02/2026 11:00:47 (UTC), DetailsLevel: INFO
2026-08-02T11:00:47.2569795Z Site is running with patch version PHP-8.2.30
2026-08-02T11:00:49.5177965Z Container has finished running with exit code: 78.
2026-08-02T11:00:49.5193427Z Container is terminating. Grace period: 5 seconds.
2026-08-02T11:00:49.5279720Z Stop and delete container. Retry count = 0
2026-08-02T11:00:49.5284089Z Stopping container: e05bb810cb03_qualityiq.
2026-08-02T11:00:49.6092893Z Deleting container: e05bb810cb03_qualityiq. Retry count = 0
2026-08-02T11:00:49.8529424Z Container spec TerminationMessagePolicy  path 
2026-08-02T11:00:49.8549007Z Container is terminated. Total time elapsed: 335 ms.
2026-08-02T11:00:49.8733629Z Site container: qualityiq terminated. Stopping the entire site.
2026-08-02T11:00:49.8738142Z State: Stopping, Action: StoppingSite, LastError: SiteStartupCancelled, LastErrorTimestamp: 08/02/2026 10:55:46, LastErrorDetails: Site stopped manually or container terminated, Details: Site started at 08/02/2026 11:00:47 (UTC), DetailsLevel: INFO
2026-08-02T11:00:49.9166590Z State: Stopping, Action: StoppingSiteContainers, LastError: SiteStartupCancelled, LastErrorTimestamp: 08/02/2026 10:55:46, LastErrorDetails: Site stopped manually or container terminated, Details: Site started at 08/02/2026 11:00:47 (UTC), DetailsLevel: INFO
2026-08-02T11:00:49.9173725Z Site: qualityiq stopped.
2026-08-02T11:00:49.9357323Z State: Stopping, Action: UnmountingVolumes, LastError: SiteStartupCancelled, LastErrorTimestamp: 08/02/2026 10:55:46, LastErrorDetails: Site stopped manually or container terminated, Details: Site started at 08/02/2026 11:00:47 (UTC), DetailsLevel: INFO
2026-08-02T11:00:50.2592240Z State: Stopping, Action: StoppingSiteNetworks, LastError: SiteStartupCancelled, LastErrorTimestamp: 08/02/2026 10:55:46, LastErrorDetails: Site stopped manually or container terminated, Details: Site started at 08/02/2026 11:00:47 (UTC), DetailsLevel: INFO
2026-08-02T11:00:50.4825465Z State: Stopped, Action: None, LastError: SiteStartupCancelled, LastErrorTimestamp: 08/02/2026 10:55:46, LastErrorDetails: Site stopped manually or container terminated, Details: Site stopped at 08/02/2026 11:00:50 (UTC), DetailsLevel: INFO
2026-08-02T11:00:50.4925966Z State: Stopped, Action: None, LastError: SiteStartupCancelled, LastErrorTimestamp: 08/02/2026 10:55:46, LastErrorDetails: Site stopped manually or container terminated, Details: Site stopped at 08/02/2026 11:00:50 (UTC), DetailsLevel: INFO
2026-08-02T11:13:23.4745580Z State: Starting, Action: EstablishingSiteNetworks, LastError: SiteStartupCancelled, LastErrorTimestamp: 08/02/2026 10:55:46, LastErrorDetails: Site stopped manually or container terminated, Details: Site stopped at 08/02/2026 11:00:50 (UTC), DetailsLevel: INFO
2026-08-02T11:13:26.2174472Z State: Starting, Action: StartingSiteContainers, LastError: SiteStartupCancelled, LastErrorTimestamp: 08/02/2026 10:55:46, LastErrorDetails: Site stopped manually or container terminated, Details: Site stopped at 08/02/2026 11:00:50 (UTC), DetailsLevel: INFO
2026-08-02T11:13:26.2175765Z Container start method called.
2026-08-02T11:13:26.2243463Z State: Starting, Action: PullingImage, LastError: SiteStartupCancelled, LastErrorTimestamp: 08/02/2026 10:55:46, LastErrorDetails: Site stopped manually or container terminated, Details: Pulling image 10.1.0.5:13209/appsvc/php:8.2-fpm_20260428.5.tuxprod for qualityiq., DetailsLevel: INFO
2026-08-02T11:13:26.2244754Z Establishing network.
2026-08-02T11:13:26.2245806Z Pulling image: appsvc/php:8.2-fpm_20260428.5.tuxprod.
2026-08-02T11:13:26.6757647Z Container is starting.
2026-08-02T11:13:26.6761513Z State: Starting, Action: MountingVolumes, LastError: SiteStartupCancelled, LastErrorTimestamp: 08/02/2026 10:55:46, LastErrorDetails: Site stopped manually or container terminated, Details: Mounting volumes for qualityiq., DetailsLevel: INFO
2026-08-02T11:13:26.6819295Z Establishing user namespace if not established already.
2026-08-02T11:13:26.6821209Z Establishing network if not established already.
2026-08-02T11:13:26.6827533Z Mounting volumes.
2026-08-02T11:13:26.6846047Z Nested mountpoint 
2026-08-02T11:13:26.7773050Z Nested mountpoint volatile/logs
2026-08-02T11:13:26.9454801Z Nested mountpoint 
2026-08-02T11:13:27.0319426Z Nested mountpoint 
2026-08-02T11:13:27.1135199Z State: Starting, Action: CreatingContainer, LastError: SiteStartupCancelled, LastErrorTimestamp: 08/02/2026 10:55:46, LastErrorDetails: Site stopped manually or container terminated, Details: Finished pulling container image and mounting volumes for qualityiq. Allocatinng the rest of the container resources to finish container creation., DetailsLevel: INFO
2026-08-02T11:13:27.1137138Z Creating container.
2026-08-02T11:13:27.1138384Z Creating pipes for streaming container io.
2026-08-02T11:13:27.1139590Z Creating stdout named pipe at /podr/container/pipe/676ca5e4da3f_qualityiq/stdout_d35d8ed974de460ab68410a01b993e67.
2026-08-02T11:13:27.1219453Z Successfully created stdout named pipe at: /podr/container/pipe/676ca5e4da3f_qualityiq/stdout_d35d8ed974de460ab68410a01b993e67.
2026-08-02T11:13:27.1221054Z Opening named pipe /podr/container/pipe/676ca5e4da3f_qualityiq/stdout_d35d8ed974de460ab68410a01b993e67 for reading in non-blocking mode.
2026-08-02T11:13:27.1222600Z Successfully opened named pipe: /podr/container/pipe/676ca5e4da3f_qualityiq/stdout_d35d8ed974de460ab68410a01b993e67.
2026-08-02T11:13:27.1344678Z Successfully removed non-blocking flag from /podr/container/pipe/676ca5e4da3f_qualityiq/stdout_d35d8ed974de460ab68410a01b993e67.
2026-08-02T11:13:27.1420709Z Creating stderr named pipe at /podr/container/pipe/676ca5e4da3f_qualityiq/stderr_6fe79fd6f65a4b32a69db6fb785b78a2.
2026-08-02T11:13:27.1498333Z Successfully created stderr named pipe at: /podr/container/pipe/676ca5e4da3f_qualityiq/stderr_6fe79fd6f65a4b32a69db6fb785b78a2.
2026-08-02T11:13:27.1500534Z Opening named pipe /podr/container/pipe/676ca5e4da3f_qualityiq/stderr_6fe79fd6f65a4b32a69db6fb785b78a2 for reading in non-blocking mode.
2026-08-02T11:13:27.1518814Z Successfully opened named pipe: /podr/container/pipe/676ca5e4da3f_qualityiq/stderr_6fe79fd6f65a4b32a69db6fb785b78a2.
2026-08-02T11:13:27.1523846Z Successfully removed non-blocking flag from /podr/container/pipe/676ca5e4da3f_qualityiq/stderr_6fe79fd6f65a4b32a69db6fb785b78a2.
2026-08-02T11:13:27.1608373Z Creating container with image: appsvc/php:8.2-fpm_20260428.5.tuxprod from registry: 10.1.0.5:13209 and fully qualified image name: 10.1.0.5:13209/appsvc/php:8.2-fpm_20260428.5.tuxprod
2026-08-02T11:13:28.1054700Z Starting container: 676ca5e4da3f_qualityiq.
2026-08-02T11:13:28.2292827Z Starting watchers and probes.
2026-08-02T11:13:28.2401100Z Starting metrics collection.
2026-08-02T11:13:28.2404247Z Container is running.
2026-08-02T11:13:28.2405913Z State: Starting, Action: CreatingContainer, LastError: SiteStartupCancelled, LastErrorTimestamp: 08/02/2026 10:55:46, LastErrorDetails: Site stopped manually or container terminated, Details: Container qualityiq successfully created and is running., DetailsLevel: INFO
2026-08-02T11:13:28.3366033Z Container start method finished after 2118 ms.
2026-08-02T11:13:28.3638598Z State: Starting, Action: InitiatingSiteWarmUpProbe, LastError: SiteStartupCancelled, LastErrorTimestamp: 08/02/2026 10:55:46, LastErrorDetails: Site stopped manually or container terminated, Details: Container qualityiq successfully created and is running., DetailsLevel: INFO
2026-08-02T11:13:28.3645777Z State: Starting, Action: WaitingForSiteWarmUpProbeSuccess, LastError: SiteStartupCancelled, LastErrorTimestamp: 08/02/2026 10:55:46, LastErrorDetails: Site stopped manually or container terminated, Details: Pinging warmup path to ensure container is ready to receive requests., DetailsLevel: INFO
2026-08-02T11:13:56.5701893Z Site startup probe succeeded after 28.1517889 seconds.
2026-08-02T11:13:56.9435757Z State: Starting, Action: WarmUpProbeSucceeded, LastError: SiteStartupCancelled, LastErrorTimestamp: 08/02/2026 10:55:46, LastErrorDetails: Site stopped manually or container terminated, Details: Site startup probe succeeded after 28.1517889 seconds., DetailsLevel: INFO
2026-08-02T11:13:57.3835919Z Site is running with deployment version: d95a1064-c805-4155-9b38-abcc67332b00
2026-08-02T11:13:57.3896326Z Site started.
2026-08-02T11:13:57.3909878Z State: Started, Action: None, LastError: SiteStartupCancelled, LastErrorTimestamp: 08/02/2026 10:55:46, LastErrorDetails: Site stopped manually or container terminated, Details: Site started at 08/02/2026 11:13:57 (UTC), DetailsLevel: INFO
2026-08-02T11:13:57.4619170Z Site is running with patch version PHP-8.2.30
2026-08-02T11:23:58.1259401Z State: Starting, Action: EstablishingSiteNetworks, LastError: , LastErrorTimestamp: 01/01/0001 00:00:00, LastErrorDetails: , Details: , DetailsLevel: INFO
2026-08-02T11:24:01.1899019Z State: Starting, Action: StartingSiteContainers, LastError: , LastErrorTimestamp: 01/01/0001 00:00:00, LastErrorDetails: , Details: , DetailsLevel: INFO
2026-08-02T11:24:01.1900143Z Container start method called.
2026-08-02T11:24:01.1900645Z State: Starting, Action: PullingImage, LastError: , LastErrorTimestamp: 01/01/0001 00:00:00, LastErrorDetails: , Details: Pulling image 10.1.0.7:13209/appsvc/php:8.2-fpm_20260428.5.tuxprod for qualityiq., DetailsLevel: INFO
2026-08-02T11:24:01.1901301Z Establishing network.
2026-08-02T11:24:01.1902048Z Pulling image: appsvc/php:8.2-fpm_20260428.5.tuxprod.
2026-08-02T11:24:02.8423794Z Container is starting.
2026-08-02T11:24:02.8425304Z State: Starting, Action: MountingVolumes, LastError: , LastErrorTimestamp: 01/01/0001 00:00:00, LastErrorDetails: , Details: Mounting volumes for qualityiq., DetailsLevel: INFO
2026-08-02T11:24:02.8425953Z Establishing user namespace if not established already.
2026-08-02T11:24:02.8426754Z Establishing network if not established already.
2026-08-02T11:24:02.8427669Z Mounting volumes.
2026-08-02T11:24:02.8428617Z Nested mountpoint 
2026-08-02T11:24:02.9325521Z Nested mountpoint volatile/logs
2026-08-02T11:24:03.0181462Z Nested mountpoint 
2026-08-02T11:24:03.0461420Z Nested mountpoint 
2026-08-02T11:24:03.7048473Z State: Starting, Action: CreatingContainer, LastError: , LastErrorTimestamp: 01/01/0001 00:00:00, LastErrorDetails: , Details: Finished pulling container image and mounting volumes for qualityiq. Allocatinng the rest of the container resources to finish container creation., DetailsLevel: INFO
2026-08-02T11:24:03.7049755Z Creating container.
2026-08-02T11:24:03.7051928Z Creating pipes for streaming container io.
2026-08-02T11:24:03.7052805Z Creating stdout named pipe at /podr/container/pipe/d38d1ce69b6d_qualityiq/stdout_b220f2fe57b440abb4bc32d787d3e6cf.
2026-08-02T11:24:03.7055119Z Successfully created stdout named pipe at: /podr/container/pipe/d38d1ce69b6d_qualityiq/stdout_b220f2fe57b440abb4bc32d787d3e6cf.
2026-08-02T11:24:03.7067819Z Opening named pipe /podr/container/pipe/d38d1ce69b6d_qualityiq/stdout_b220f2fe57b440abb4bc32d787d3e6cf for reading in non-blocking mode.
2026-08-02T11:24:03.7069019Z Successfully opened named pipe: /podr/container/pipe/d38d1ce69b6d_qualityiq/stdout_b220f2fe57b440abb4bc32d787d3e6cf.
2026-08-02T11:24:03.7069693Z Successfully removed non-blocking flag from /podr/container/pipe/d38d1ce69b6d_qualityiq/stdout_b220f2fe57b440abb4bc32d787d3e6cf.
2026-08-02T11:24:03.7070830Z Creating stderr named pipe at /podr/container/pipe/d38d1ce69b6d_qualityiq/stderr_eb1d668203f24eba9950551f1d07bb55.
2026-08-02T11:24:03.7071921Z Successfully created stderr named pipe at: /podr/container/pipe/d38d1ce69b6d_qualityiq/stderr_eb1d668203f24eba9950551f1d07bb55.
2026-08-02T11:24:03.7072539Z Opening named pipe /podr/container/pipe/d38d1ce69b6d_qualityiq/stderr_eb1d668203f24eba9950551f1d07bb55 for reading in non-blocking mode.
2026-08-02T11:24:03.7429345Z Successfully opened named pipe: /podr/container/pipe/d38d1ce69b6d_qualityiq/stderr_eb1d668203f24eba9950551f1d07bb55.
2026-08-02T11:24:03.7438256Z Successfully removed non-blocking flag from /podr/container/pipe/d38d1ce69b6d_qualityiq/stderr_eb1d668203f24eba9950551f1d07bb55.
2026-08-02T11:24:03.7610113Z Creating container with image: appsvc/php:8.2-fpm_20260428.5.tuxprod from registry: 10.1.0.7:13209 and fully qualified image name: 10.1.0.7:13209/appsvc/php:8.2-fpm_20260428.5.tuxprod
2026-08-02T11:24:04.6923689Z Container start up interrupted. Revert by terminate.
2026-08-02T11:24:04.7004627Z Container is terminating. Grace period: 5 seconds.
2026-08-02T11:24:04.7028314Z Stop and delete container. Retry count = 0
2026-08-02T11:24:04.7033790Z Stopping container: d38d1ce69b6d_qualityiq.
2026-08-02T11:24:04.8980810Z Get exit code failed with unexpected exception. Proceed regardless.
2026-08-02T11:24:04.8982350Z Deleting container: d38d1ce69b6d_qualityiq. Retry count = 0
2026-08-02T11:24:05.0039585Z Container spec TerminationMessagePolicy  path 
2026-08-02T11:24:05.0040654Z Container is terminated. Total time elapsed: 303 ms.
2026-08-02T11:24:05.0041265Z Site container: qualityiq terminated during site startup.
2026-08-02T11:24:05.0049583Z State: Stopping, Action: CancellingStartup, LastError: , LastErrorTimestamp: 01/01/0001 00:00:00, LastErrorDetails: , Details: Site container: qualityiq terminated during site startup. Cancelling site startup., DetailsLevel: ERR
2026-08-02T11:24:05.4991009Z State: Stopping, Action: CancellingStartup, LastError: SiteStartupCancelled, LastErrorTimestamp: 08/02/2026 11:24:05, LastErrorDetails: Site stopped manually or container terminated, Details: Site stopped manually or container terminated, DetailsLevel: WARN
2026-08-02T11:24:06.1786546Z Site container: qualityiq terminated. Stopping the entire site.
2026-08-02T11:24:06.2338107Z State: Stopping, Action: StoppingSite, LastError: SiteStartupCancelled, LastErrorTimestamp: 08/02/2026 11:24:05, LastErrorDetails: Site stopped manually or container terminated, Details: Site stopped manually or container terminated, DetailsLevel: WARN
2026-08-02T11:24:06.2704110Z State: Stopping, Action: StoppingSiteContainers, LastError: SiteStartupCancelled, LastErrorTimestamp: 08/02/2026 11:24:05, LastErrorDetails: Site stopped manually or container terminated, Details: Site stopped manually or container terminated, DetailsLevel: WARN
2026-08-02T11:24:06.2707685Z Site: qualityiq stopped.
2026-08-02T11:24:26.5736463Z State: Stopping, Action: StoppingSite, LastError: SiteStartupCancelled, LastErrorTimestamp: 08/02/2026 10:55:46, LastErrorDetails: Site stopped manually or container terminated, Details: Site started at 08/02/2026 11:13:57 (UTC), DetailsLevel: INFO
2026-08-02T11:24:26.5824709Z State: Stopping, Action: StoppingSiteContainers, LastError: SiteStartupCancelled, LastErrorTimestamp: 08/02/2026 10:55:46, LastErrorDetails: Site stopped manually or container terminated, Details: Site started at 08/02/2026 11:13:57 (UTC), DetailsLevel: INFO
2026-08-02T11:24:26.5828600Z Container is terminating. Grace period: 5 seconds.
2026-08-02T11:24:26.5957163Z Stop and delete container. Retry count = 0
2026-08-02T11:24:26.5958564Z Stopping container: 676ca5e4da3f_qualityiq.
2026-08-02T11:24:31.7759303Z Deleting container: 676ca5e4da3f_qualityiq. Retry count = 0
2026-08-02T11:24:32.0573153Z Container spec TerminationMessagePolicy  path 
2026-08-02T11:24:32.0577377Z Container is terminated. Total time elapsed: 5474 ms.
2026-08-02T11:24:32.0578791Z Site: qualityiq stopped.
2026-08-02T11:25:32.9368084Z State: Starting, Action: EstablishingSiteNetworks, LastError: SiteStartupCancelled, LastErrorTimestamp: 08/02/2026 11:24:05, LastErrorDetails: Site stopped manually or container terminated, Details: Site stopped at 08/02/2026 11:24:08 (UTC), DetailsLevel: WARN
2026-08-02T11:25:34.6017692Z State: Starting, Action: StartingSiteContainers, LastError: SiteStartupCancelled, LastErrorTimestamp: 08/02/2026 11:24:05, LastErrorDetails: Site stopped manually or container terminated, Details: Site stopped at 08/02/2026 11:24:08 (UTC), DetailsLevel: WARN
2026-08-02T11:25:34.6019750Z Container start method called.
2026-08-02T11:25:34.6020204Z State: Starting, Action: PullingImage, LastError: SiteStartupCancelled, LastErrorTimestamp: 08/02/2026 11:24:05, LastErrorDetails: Site stopped manually or container terminated, Details: Pulling image 10.1.0.7:13209/appsvc/php:8.2-fpm_20260428.5.tuxprod for qualityiq., DetailsLevel: INFO
2026-08-02T11:25:34.6020861Z Establishing network.
2026-08-02T11:25:34.6021783Z Pulling image: appsvc/php:8.2-fpm_20260428.5.tuxprod.
2026-08-02T11:25:34.9899807Z Container is starting.
2026-08-02T11:25:34.9914504Z State: Starting, Action: MountingVolumes, LastError: SiteStartupCancelled, LastErrorTimestamp: 08/02/2026 11:24:05, LastErrorDetails: Site stopped manually or container terminated, Details: Mounting volumes for qualityiq., DetailsLevel: INFO
2026-08-02T11:25:34.9929924Z Establishing user namespace if not established already.
2026-08-02T11:25:34.9990185Z Establishing network if not established already.
2026-08-02T11:25:34.9998415Z Mounting volumes.
2026-08-02T11:25:35.0001732Z Nested mountpoint 
2026-08-02T11:25:35.0593026Z Nested mountpoint volatile/logs
2026-08-02T11:25:35.0787697Z Nested mountpoint 
2026-08-02T11:25:35.0896351Z Nested mountpoint 
2026-08-02T11:25:35.2492840Z State: Starting, Action: CreatingContainer, LastError: SiteStartupCancelled, LastErrorTimestamp: 08/02/2026 11:24:05, LastErrorDetails: Site stopped manually or container terminated, Details: Finished pulling container image and mounting volumes for qualityiq. Allocatinng the rest of the container resources to finish container creation., DetailsLevel: INFO
2026-08-02T11:25:35.2747618Z Creating container.
2026-08-02T11:25:35.2750366Z Creating pipes for streaming container io.
2026-08-02T11:25:35.2752214Z Creating stdout named pipe at /podr/container/pipe/2f2c434cd0ce_qualityiq/stdout_cf24849397b5429096f1aa3b0b0b8068.
2026-08-02T11:25:35.2754814Z Successfully created stdout named pipe at: /podr/container/pipe/2f2c434cd0ce_qualityiq/stdout_cf24849397b5429096f1aa3b0b0b8068.
2026-08-02T11:25:35.2755971Z Opening named pipe /podr/container/pipe/2f2c434cd0ce_qualityiq/stdout_cf24849397b5429096f1aa3b0b0b8068 for reading in non-blocking mode.
2026-08-02T11:25:35.2762832Z Successfully opened named pipe: /podr/container/pipe/2f2c434cd0ce_qualityiq/stdout_cf24849397b5429096f1aa3b0b0b8068.
2026-08-02T11:25:35.2763572Z Successfully removed non-blocking flag from /podr/container/pipe/2f2c434cd0ce_qualityiq/stdout_cf24849397b5429096f1aa3b0b0b8068.
2026-08-02T11:25:35.2766070Z Creating stderr named pipe at /podr/container/pipe/2f2c434cd0ce_qualityiq/stderr_b5ba38b01d954312b25911fe3ea34734.
2026-08-02T11:25:35.3110984Z Successfully created stderr named pipe at: /podr/container/pipe/2f2c434cd0ce_qualityiq/stderr_b5ba38b01d954312b25911fe3ea34734.
2026-08-02T11:25:35.3114366Z Opening named pipe /podr/container/pipe/2f2c434cd0ce_qualityiq/stderr_b5ba38b01d954312b25911fe3ea34734 for reading in non-blocking mode.
2026-08-02T11:25:35.3193604Z Successfully opened named pipe: /podr/container/pipe/2f2c434cd0ce_qualityiq/stderr_b5ba38b01d954312b25911fe3ea34734.
2026-08-02T11:25:35.3194537Z Successfully removed non-blocking flag from /podr/container/pipe/2f2c434cd0ce_qualityiq/stderr_b5ba38b01d954312b25911fe3ea34734.
2026-08-02T11:25:35.3205745Z Creating container with image: appsvc/php:8.2-fpm_20260428.5.tuxprod from registry: 10.1.0.7:13209 and fully qualified image name: 10.1.0.7:13209/appsvc/php:8.2-fpm_20260428.5.tuxprod
2026-08-02T11:25:36.1326123Z Starting container: 2f2c434cd0ce_qualityiq.
2026-08-02T11:25:36.2203443Z Starting watchers and probes.
2026-08-02T11:25:36.2205939Z Starting metrics collection.
2026-08-02T11:25:36.2207104Z Container is running.
2026-08-02T11:25:36.2207983Z State: Starting, Action: CreatingContainer, LastError: SiteStartupCancelled, LastErrorTimestamp: 08/02/2026 11:24:05, LastErrorDetails: Site stopped manually or container terminated, Details: Container qualityiq successfully created and is running., DetailsLevel: INFO
2026-08-02T11:25:36.4157759Z Container start method finished after 1813 ms.
2026-08-02T11:25:36.4159970Z State: Starting, Action: InitiatingSiteWarmUpProbe, LastError: SiteStartupCancelled, LastErrorTimestamp: 08/02/2026 11:24:05, LastErrorDetails: Site stopped manually or container terminated, Details: Container qualityiq successfully created and is running., DetailsLevel: INFO
2026-08-02T11:25:36.4160235Z State: Starting, Action: WaitingForSiteWarmUpProbeSuccess, LastError: SiteStartupCancelled, LastErrorTimestamp: 08/02/2026 11:24:05, LastErrorDetails: Site stopped manually or container terminated, Details: Pinging warmup path to ensure container is ready to receive requests., DetailsLevel: INFO
2026-08-02T11:26:05.4867296Z Site startup probe succeeded after 29.0703059 seconds.
2026-08-02T11:26:05.9173758Z State: Starting, Action: WarmUpProbeSucceeded, LastError: SiteStartupCancelled, LastErrorTimestamp: 08/02/2026 11:24:05, LastErrorDetails: Site stopped manually or container terminated, Details: Site startup probe succeeded after 29.0703059 seconds., DetailsLevel: INFO
2026-08-02T11:26:06.6145198Z Site is running with deployment version: d95a1064-c805-4155-9b38-abcc67332b00
2026-08-02T11:26:06.6152251Z Site started.
2026-08-02T11:26:06.6227887Z State: Started, Action: None, LastError: SiteStartupCancelled, LastErrorTimestamp: 08/02/2026 11:24:05, LastErrorDetails: Site stopped manually or container terminated, Details: Site started at 08/02/2026 11:26:06 (UTC), DetailsLevel: INFO
2026-08-02T11:26:06.6326167Z Site is running with patch version PHP-8.2.30
2026-08-02T11:26:28.1865355Z State: Starting, Action: EstablishingSiteNetworks, LastError: , LastErrorTimestamp: 01/01/0001 00:00:00, LastErrorDetails: , Details: , DetailsLevel: INFO
2026-08-02T11:26:30.1778467Z State: Starting, Action: StartingSiteContainers, LastError: , LastErrorTimestamp: 01/01/0001 00:00:00, LastErrorDetails: , Details: , DetailsLevel: INFO
2026-08-02T11:26:30.1779726Z Container start method called.
2026-08-02T11:26:30.1780131Z State: Starting, Action: PullingImage, LastError: , LastErrorTimestamp: 01/01/0001 00:00:00, LastErrorDetails: , Details: Pulling image 10.1.0.5:13209/appsvc/php:8.2-fpm_20260428.5.tuxprod for qualityiq., DetailsLevel: INFO
2026-08-02T11:26:30.1780763Z Establishing network.
2026-08-02T11:26:30.1781420Z Pulling image: appsvc/php:8.2-fpm_20260428.5.tuxprod.
2026-08-02T11:26:30.7254094Z Container is starting.
2026-08-02T11:26:30.7254882Z State: Starting, Action: MountingVolumes, LastError: , LastErrorTimestamp: 01/01/0001 00:00:00, LastErrorDetails: , Details: Mounting volumes for qualityiq., DetailsLevel: INFO
2026-08-02T11:26:30.7255700Z Establishing user namespace if not established already.
2026-08-02T11:26:30.7256327Z Establishing network if not established already.
2026-08-02T11:26:30.7256970Z Mounting volumes.
2026-08-02T11:26:30.7257911Z Nested mountpoint 
2026-08-02T11:26:30.7893672Z Nested mountpoint volatile/logs
2026-08-02T11:26:30.8026164Z Nested mountpoint 
2026-08-02T11:26:30.8373721Z Nested mountpoint 
2026-08-02T11:26:31.0443236Z State: Starting, Action: CreatingContainer, LastError: , LastErrorTimestamp: 01/01/0001 00:00:00, LastErrorDetails: , Details: Finished pulling container image and mounting volumes for qualityiq. Allocatinng the rest of the container resources to finish container creation., DetailsLevel: INFO
2026-08-02T11:26:31.0444969Z Creating container.
2026-08-02T11:26:31.0445775Z Creating pipes for streaming container io.
2026-08-02T11:26:31.0446363Z Creating stdout named pipe at /podr/container/pipe/abe96439ae77_qualityiq/stdout_ddf509bf171e46468bc4f528f43d0428.
2026-08-02T11:26:31.0535151Z Successfully created stdout named pipe at: /podr/container/pipe/abe96439ae77_qualityiq/stdout_ddf509bf171e46468bc4f528f43d0428.
2026-08-02T11:26:31.0549649Z Opening named pipe /podr/container/pipe/abe96439ae77_qualityiq/stdout_ddf509bf171e46468bc4f528f43d0428 for reading in non-blocking mode.
2026-08-02T11:26:31.0638277Z Successfully opened named pipe: /podr/container/pipe/abe96439ae77_qualityiq/stdout_ddf509bf171e46468bc4f528f43d0428.
2026-08-02T11:26:31.0639640Z Successfully removed non-blocking flag from /podr/container/pipe/abe96439ae77_qualityiq/stdout_ddf509bf171e46468bc4f528f43d0428.
2026-08-02T11:26:31.0640681Z Creating stderr named pipe at /podr/container/pipe/abe96439ae77_qualityiq/stderr_f45818d1635847ffa7f98dec51633a55.
2026-08-02T11:26:31.0642096Z Successfully created stderr named pipe at: /podr/container/pipe/abe96439ae77_qualityiq/stderr_f45818d1635847ffa7f98dec51633a55.
2026-08-02T11:26:31.0642715Z Opening named pipe /podr/container/pipe/abe96439ae77_qualityiq/stderr_f45818d1635847ffa7f98dec51633a55 for reading in non-blocking mode.
2026-08-02T11:26:31.0643504Z Successfully opened named pipe: /podr/container/pipe/abe96439ae77_qualityiq/stderr_f45818d1635847ffa7f98dec51633a55.
2026-08-02T11:26:31.0644078Z Successfully removed non-blocking flag from /podr/container/pipe/abe96439ae77_qualityiq/stderr_f45818d1635847ffa7f98dec51633a55.
2026-08-02T11:26:31.1084860Z Creating container with image: appsvc/php:8.2-fpm_20260428.5.tuxprod from registry: 10.1.0.5:13209 and fully qualified image name: 10.1.0.5:13209/appsvc/php:8.2-fpm_20260428.5.tuxprod
2026-08-02T11:26:32.9649608Z Starting container: abe96439ae77_qualityiq.
2026-08-02T11:26:33.0996169Z Starting watchers and probes.
2026-08-02T11:26:33.0998721Z Starting metrics collection.
2026-08-02T11:26:33.1007527Z Container is running.
2026-08-02T11:26:33.1008356Z State: Starting, Action: CreatingContainer, LastError: , LastErrorTimestamp: 01/01/0001 00:00:00, LastErrorDetails: , Details: Container qualityiq successfully created and is running., DetailsLevel: INFO
2026-08-02T11:26:33.5421846Z Container start method finished after 3364 ms.
2026-08-02T11:26:33.5423668Z State: Starting, Action: InitiatingSiteWarmUpProbe, LastError: , LastErrorTimestamp: 01/01/0001 00:00:00, LastErrorDetails: , Details: Container qualityiq successfully created and is running., DetailsLevel: INFO
2026-08-02T11:26:33.5423983Z State: Starting, Action: WaitingForSiteWarmUpProbeSuccess, LastError: , LastErrorTimestamp: 01/01/0001 00:00:00, LastErrorDetails: , Details: Pinging warmup path to ensure container is ready to receive requests., DetailsLevel: INFO
2026-08-02T11:26:33.5440780Z State: Stopping, Action: CancellingStartup, LastError: SiteStartupCancelled, LastErrorTimestamp: 08/02/2026 11:26:33, LastErrorDetails: Site stopped manually or container terminated, Details: Site stopped manually or container terminated, DetailsLevel: WARN
2026-08-02T11:26:33.6099402Z State: Stopping, Action: StoppingSite, LastError: SiteStartupCancelled, LastErrorTimestamp: 08/02/2026 11:26:33, LastErrorDetails: Site stopped manually or container terminated, Details: Site stopped manually or container terminated, DetailsLevel: WARN
2026-08-02T11:26:33.6101360Z State: Stopping, Action: StoppingSiteContainers, LastError: SiteStartupCancelled, LastErrorTimestamp: 08/02/2026 11:26:33, LastErrorDetails: Site stopped manually or container terminated, Details: Site stopped manually or container terminated, DetailsLevel: WARN
2026-08-02T11:26:33.6211398Z Container is terminating. Grace period: 5 seconds.
2026-08-02T11:26:34.0093030Z Stop and delete container. Retry count = 0
2026-08-02T11:26:34.0183015Z Stopping container: abe96439ae77_qualityiq.
2026-08-02T11:26:40.1606403Z Deleting container: abe96439ae77_qualityiq. Retry count = 0
2026-08-02T11:26:40.8409732Z Container spec TerminationMessagePolicy  path 
2026-08-02T11:26:40.8593304Z Container is terminated. Total time elapsed: 7237 ms.
2026-08-02T11:26:40.8608648Z Site container: qualityiq terminated during site startup.
2026-08-02T11:26:40.8854732Z State: Stopping, Action: CancellingStartup, LastError: SiteStartupCancelled, LastErrorTimestamp: 08/02/2026 11:26:33, LastErrorDetails: Site stopped manually or container terminated, Details: Site container: qualityiq terminated during site startup. Cancelling site startup., DetailsLevel: ERR
2026-08-02T11:26:40.9219455Z Site: qualityiq stopped.
2026-08-02T11:27:02.8810992Z State: Stopping, Action: StoppingSite, LastError: SiteStartupCancelled, LastErrorTimestamp: 08/02/2026 11:24:05, LastErrorDetails: Site stopped manually or container terminated, Details: Site started at 08/02/2026 11:26:06 (UTC), DetailsLevel: INFO
2026-08-02T11:27:02.8834159Z State: Stopping, Action: StoppingSiteContainers, LastError: SiteStartupCancelled, LastErrorTimestamp: 08/02/2026 11:24:05, LastErrorDetails: Site stopped manually or container terminated, Details: Site started at 08/02/2026 11:26:06 (UTC), DetailsLevel: INFO
2026-08-02T11:27:02.8839352Z Container is terminating. Grace period: 5 seconds.
2026-08-02T11:27:03.0914308Z Stop and delete container. Retry count = 0
2026-08-02T11:27:03.1045317Z Stopping container: 2f2c434cd0ce_qualityiq.
2026-08-02T11:27:09.6174885Z Deleting container: 2f2c434cd0ce_qualityiq. Retry count = 0
2026-08-02T11:27:10.2093220Z Container spec TerminationMessagePolicy  path 
2026-08-02T11:27:10.2100703Z Container is terminated. Total time elapsed: 7325 ms.
2026-08-02T11:27:10.2102253Z Site: qualityiq stopped.
2026-08-02T13:25:19.3658349Z State: Starting, Action: EstablishingSiteNetworks, LastError: SiteStartupCancelled, LastErrorTimestamp: 08/02/2026 11:26:33, LastErrorDetails: Site stopped manually or container terminated, Details: Site stopped at 08/02/2026 11:26:41 (UTC), DetailsLevel: ERR
2026-08-02T13:25:21.4844010Z State: Starting, Action: StartingSiteContainers, LastError: SiteStartupCancelled, LastErrorTimestamp: 08/02/2026 11:26:33, LastErrorDetails: Site stopped manually or container terminated, Details: Site stopped at 08/02/2026 11:26:41 (UTC), DetailsLevel: ERR
2026-08-02T13:25:21.4858453Z Container start method called.
2026-08-02T13:25:21.5017981Z State: Starting, Action: PullingImage, LastError: SiteStartupCancelled, LastErrorTimestamp: 08/02/2026 11:26:33, LastErrorDetails: Site stopped manually or container terminated, Details: Pulling image 10.1.0.5:13209/appsvc/php:8.2-fpm_20260428.5.tuxprod for qualityiq., DetailsLevel: INFO
2026-08-02T13:25:21.5019914Z Establishing network.
2026-08-02T13:25:21.5117008Z Pulling image: appsvc/php:8.2-fpm_20260428.5.tuxprod.
2026-08-02T13:25:21.7773078Z Container is starting.
2026-08-02T13:25:21.7825133Z State: Starting, Action: MountingVolumes, LastError: SiteStartupCancelled, LastErrorTimestamp: 08/02/2026 11:26:33, LastErrorDetails: Site stopped manually or container terminated, Details: Mounting volumes for qualityiq., DetailsLevel: INFO
2026-08-02T13:25:21.7829730Z Establishing user namespace if not established already.
2026-08-02T13:25:21.7835515Z Establishing network if not established already.
2026-08-02T13:25:21.7842256Z Mounting volumes.
2026-08-02T13:25:21.7879226Z Nested mountpoint 
2026-08-02T13:25:21.7964124Z Nested mountpoint volatile/logs
2026-08-02T13:25:21.8110194Z Nested mountpoint 
2026-08-02T13:25:21.8138020Z Nested mountpoint 
2026-08-02T13:25:21.8603669Z State: Starting, Action: CreatingContainer, LastError: SiteStartupCancelled, LastErrorTimestamp: 08/02/2026 11:26:33, LastErrorDetails: Site stopped manually or container terminated, Details: Finished pulling container image and mounting volumes for qualityiq. Allocatinng the rest of the container resources to finish container creation., DetailsLevel: INFO
2026-08-02T13:25:21.8616867Z Creating container.
2026-08-02T13:25:21.8682907Z Creating pipes for streaming container io.
2026-08-02T13:25:21.8692142Z Creating stdout named pipe at /podr/container/pipe/2007eb027009_qualityiq/stdout_e45d169ddf6d4c7290baabc18dbf636b.
2026-08-02T13:25:21.8773733Z Successfully created stdout named pipe at: /podr/container/pipe/2007eb027009_qualityiq/stdout_e45d169ddf6d4c7290baabc18dbf636b.
2026-08-02T13:25:21.8784646Z Opening named pipe /podr/container/pipe/2007eb027009_qualityiq/stdout_e45d169ddf6d4c7290baabc18dbf636b for reading in non-blocking mode.
2026-08-02T13:25:21.9053348Z Successfully opened named pipe: /podr/container/pipe/2007eb027009_qualityiq/stdout_e45d169ddf6d4c7290baabc18dbf636b.
2026-08-02T13:25:21.9092497Z Successfully removed non-blocking flag from /podr/container/pipe/2007eb027009_qualityiq/stdout_e45d169ddf6d4c7290baabc18dbf636b.
2026-08-02T13:25:21.9555080Z Creating stderr named pipe at /podr/container/pipe/2007eb027009_qualityiq/stderr_86d0a58a809b4e91ade8942183b4a207.
2026-08-02T13:25:21.9628320Z Successfully created stderr named pipe at: /podr/container/pipe/2007eb027009_qualityiq/stderr_86d0a58a809b4e91ade8942183b4a207.
2026-08-02T13:25:21.9638258Z Opening named pipe /podr/container/pipe/2007eb027009_qualityiq/stderr_86d0a58a809b4e91ade8942183b4a207 for reading in non-blocking mode.
2026-08-02T13:25:21.9648512Z Successfully opened named pipe: /podr/container/pipe/2007eb027009_qualityiq/stderr_86d0a58a809b4e91ade8942183b4a207.
2026-08-02T13:25:21.9813960Z Successfully removed non-blocking flag from /podr/container/pipe/2007eb027009_qualityiq/stderr_86d0a58a809b4e91ade8942183b4a207.
2026-08-02T13:25:22.0000837Z Creating container with image: appsvc/php:8.2-fpm_20260428.5.tuxprod from registry: 10.1.0.5:13209 and fully qualified image name: 10.1.0.5:13209/appsvc/php:8.2-fpm_20260428.5.tuxprod
2026-08-02T13:25:22.9008609Z Starting container: 2007eb027009_qualityiq.
2026-08-02T13:25:23.0164226Z Starting watchers and probes.
2026-08-02T13:25:23.0830995Z Starting metrics collection.
2026-08-02T13:25:23.0869777Z Container is running.
2026-08-02T13:25:23.0876178Z State: Starting, Action: CreatingContainer, LastError: SiteStartupCancelled, LastErrorTimestamp: 08/02/2026 11:26:33, LastErrorDetails: Site stopped manually or container terminated, Details: Container qualityiq successfully created and is running., DetailsLevel: INFO
2026-08-02T13:25:23.3379630Z Container start method finished after 1851 ms.
2026-08-02T13:25:23.3381503Z State: Starting, Action: InitiatingSiteWarmUpProbe, LastError: SiteStartupCancelled, LastErrorTimestamp: 08/02/2026 11:26:33, LastErrorDetails: Site stopped manually or container terminated, Details: Container qualityiq successfully created and is running., DetailsLevel: INFO
2026-08-02T13:25:23.3381786Z State: Starting, Action: WaitingForSiteWarmUpProbeSuccess, LastError: SiteStartupCancelled, LastErrorTimestamp: 08/02/2026 11:26:33, LastErrorDetails: Site stopped manually or container terminated, Details: Pinging warmup path to ensure container is ready to receive requests., DetailsLevel: INFO
2026-08-02T13:25:53.5071255Z Site startup probe succeeded after 30.0636066 seconds.
2026-08-02T13:25:53.7288938Z State: Starting, Action: WarmUpProbeSucceeded, LastError: SiteStartupCancelled, LastErrorTimestamp: 08/02/2026 11:26:33, LastErrorDetails: Site stopped manually or container terminated, Details: Site startup probe succeeded after 30.0636066 seconds., DetailsLevel: INFO
2026-08-02T13:25:54.7532302Z Site is running with deployment version: d95a1064-c805-4155-9b38-abcc67332b00
2026-08-02T13:25:54.7555016Z Site started.
2026-08-02T13:25:54.7566115Z State: Started, Action: None, LastError: SiteStartupCancelled, LastErrorTimestamp: 08/02/2026 11:26:33, LastErrorDetails: Site stopped manually or container terminated, Details: Site started at 08/02/2026 13:25:54 (UTC), DetailsLevel: INFO
2026-08-02T13:25:54.9890353Z Site is running with patch version PHP-8.2.30
2026-08-02T13:28:33.7437974Z State: Starting, Action: EstablishingSiteNetworks, LastError: , LastErrorTimestamp: 01/01/0001 00:00:00, LastErrorDetails: , Details: , DetailsLevel: INFO
2026-08-02T13:28:37.9216062Z State: Starting, Action: StartingSiteContainers, LastError: , LastErrorTimestamp: 01/01/0001 00:00:00, LastErrorDetails: , Details: , DetailsLevel: INFO
2026-08-02T13:28:37.9222768Z Container start method called.
2026-08-02T13:28:37.9301670Z State: Starting, Action: PullingImage, LastError: , LastErrorTimestamp: 01/01/0001 00:00:00, LastErrorDetails: , Details: Pulling image 10.1.0.5:13209/appsvc/php:8.2-fpm_20260428.5.tuxprod for qualityiq., DetailsLevel: INFO
2026-08-02T13:28:37.9302738Z Establishing network.
2026-08-02T13:28:37.9303469Z Pulling image: appsvc/php:8.2-fpm_20260428.5.tuxprod.
2026-08-02T13:28:38.8196802Z Container is starting.
2026-08-02T13:28:38.8197535Z State: Starting, Action: MountingVolumes, LastError: , LastErrorTimestamp: 01/01/0001 00:00:00, LastErrorDetails: , Details: Mounting volumes for qualityiq., DetailsLevel: INFO
2026-08-02T13:28:38.8198155Z Establishing user namespace if not established already.
2026-08-02T13:28:38.8198711Z Establishing network if not established already.
2026-08-02T13:28:38.8199541Z Mounting volumes.
2026-08-02T13:28:38.8200795Z Nested mountpoint 
2026-08-02T13:28:38.8582146Z Nested mountpoint volatile/logs
2026-08-02T13:28:39.1293233Z Nested mountpoint 
2026-08-02T13:28:39.1300340Z Nested mountpoint 
2026-08-02T13:28:40.0590078Z State: Starting, Action: CreatingContainer, LastError: , LastErrorTimestamp: 01/01/0001 00:00:00, LastErrorDetails: , Details: Finished pulling container image and mounting volumes for qualityiq. Allocatinng the rest of the container resources to finish container creation., DetailsLevel: INFO
2026-08-02T13:28:40.0593250Z Creating container.
2026-08-02T13:28:40.0856361Z Creating pipes for streaming container io.
2026-08-02T13:28:40.1533792Z Creating stdout named pipe at /podr/container/pipe/de0e9038c7d5_qualityiq/stdout_61d3e24ef9ec4e869fb87459c73bdf78.
2026-08-02T13:28:40.1792037Z Successfully created stdout named pipe at: /podr/container/pipe/de0e9038c7d5_qualityiq/stdout_61d3e24ef9ec4e869fb87459c73bdf78.
2026-08-02T13:28:40.1815675Z Opening named pipe /podr/container/pipe/de0e9038c7d5_qualityiq/stdout_61d3e24ef9ec4e869fb87459c73bdf78 for reading in non-blocking mode.
2026-08-02T13:28:40.1816953Z Successfully opened named pipe: /podr/container/pipe/de0e9038c7d5_qualityiq/stdout_61d3e24ef9ec4e869fb87459c73bdf78.
2026-08-02T13:28:40.1818291Z Successfully removed non-blocking flag from /podr/container/pipe/de0e9038c7d5_qualityiq/stdout_61d3e24ef9ec4e869fb87459c73bdf78.
2026-08-02T13:28:40.2089336Z Creating stderr named pipe at /podr/container/pipe/de0e9038c7d5_qualityiq/stderr_12ddc9374dbf490982abc16a03c3b5bc.
2026-08-02T13:28:40.2091963Z Successfully created stderr named pipe at: /podr/container/pipe/de0e9038c7d5_qualityiq/stderr_12ddc9374dbf490982abc16a03c3b5bc.
2026-08-02T13:28:40.2092746Z Opening named pipe /podr/container/pipe/de0e9038c7d5_qualityiq/stderr_12ddc9374dbf490982abc16a03c3b5bc for reading in non-blocking mode.
2026-08-02T13:28:40.2093559Z Successfully opened named pipe: /podr/container/pipe/de0e9038c7d5_qualityiq/stderr_12ddc9374dbf490982abc16a03c3b5bc.
2026-08-02T13:28:40.2094097Z Successfully removed non-blocking flag from /podr/container/pipe/de0e9038c7d5_qualityiq/stderr_12ddc9374dbf490982abc16a03c3b5bc.
2026-08-02T13:28:40.2102697Z Creating container with image: appsvc/php:8.2-fpm_20260428.5.tuxprod from registry: 10.1.0.5:13209 and fully qualified image name: 10.1.0.5:13209/appsvc/php:8.2-fpm_20260428.5.tuxprod
2026-08-02T13:28:42.2649305Z Starting container: de0e9038c7d5_qualityiq.
2026-08-02T13:28:43.6894976Z Starting watchers and probes.
2026-08-02T13:28:43.6897345Z Starting metrics collection.
2026-08-02T13:28:43.6898449Z Container is running.
2026-08-02T13:28:43.6899354Z State: Starting, Action: CreatingContainer, LastError: , LastErrorTimestamp: 01/01/0001 00:00:00, LastErrorDetails: , Details: Container qualityiq successfully created and is running., DetailsLevel: INFO
2026-08-02T13:28:44.0978383Z Container start method finished after 6142 ms.
2026-08-02T13:28:44.1181476Z State: Starting, Action: InitiatingSiteWarmUpProbe, LastError: , LastErrorTimestamp: 01/01/0001 00:00:00, LastErrorDetails: , Details: Container qualityiq successfully created and is running., DetailsLevel: INFO
2026-08-02T13:28:44.1182136Z State: Starting, Action: WaitingForSiteWarmUpProbeSuccess, LastError: , LastErrorTimestamp: 01/01/0001 00:00:00, LastErrorDetails: , Details: Pinging warmup path to ensure container is ready to receive requests., DetailsLevel: INFO
2026-08-02T13:28:44.2497069Z State: Stopping, Action: CancellingStartup, LastError: SiteStartupCancelled, LastErrorTimestamp: 08/02/2026 13:28:44, LastErrorDetails: Site stopped manually or container terminated, Details: Site stopped manually or container terminated, DetailsLevel: WARN
2026-08-02T13:28:44.3184044Z State: Stopping, Action: StoppingSite, LastError: SiteStartupCancelled, LastErrorTimestamp: 08/02/2026 13:28:44, LastErrorDetails: Site stopped manually or container terminated, Details: Site stopped manually or container terminated, DetailsLevel: WARN
2026-08-02T13:28:44.3276043Z State: Stopping, Action: StoppingSiteContainers, LastError: SiteStartupCancelled, LastErrorTimestamp: 08/02/2026 13:28:44, LastErrorDetails: Site stopped manually or container terminated, Details: Site stopped manually or container terminated, DetailsLevel: WARN
2026-08-02T13:28:44.3328032Z Container is terminating. Grace period: 5 seconds.
2026-08-02T13:28:44.6166501Z Stop and delete container. Retry count = 0
2026-08-02T13:28:44.6177403Z Stopping container: de0e9038c7d5_qualityiq.
2026-08-02T13:28:51.1838373Z Deleting container: de0e9038c7d5_qualityiq. Retry count = 0
2026-08-02T13:28:51.9766625Z Container spec TerminationMessagePolicy  path 
2026-08-02T13:28:51.9768001Z Container is terminated. Total time elapsed: 7640 ms.
2026-08-02T13:28:51.9768935Z Site container: qualityiq terminated during site startup.
2026-08-02T13:28:51.9770277Z State: Stopping, Action: CancellingStartup, LastError: SiteStartupCancelled, LastErrorTimestamp: 08/02/2026 13:28:44, LastErrorDetails: Site stopped manually or container terminated, Details: Site container: qualityiq terminated during site startup. Cancelling site startup., DetailsLevel: ERR
2026-08-02T13:28:52.0588739Z Site: qualityiq stopped.
2026-08-02T13:29:13.5306695Z State: Stopping, Action: StoppingSite, LastError: SiteStartupCancelled, LastErrorTimestamp: 08/02/2026 11:26:33, LastErrorDetails: Site stopped manually or container terminated, Details: Site started at 08/02/2026 13:25:54 (UTC), DetailsLevel: INFO
2026-08-02T13:29:13.5363880Z State: Stopping, Action: StoppingSiteContainers, LastError: SiteStartupCancelled, LastErrorTimestamp: 08/02/2026 11:26:33, LastErrorDetails: Site stopped manually or container terminated, Details: Site started at 08/02/2026 13:25:54 (UTC), DetailsLevel: INFO
2026-08-02T13:29:13.5376551Z Container is terminating. Grace period: 5 seconds.
2026-08-02T13:29:13.5556666Z Stop and delete container. Retry count = 0
2026-08-02T13:29:13.5557451Z Stopping container: 2007eb027009_qualityiq.
2026-08-02T13:29:18.6851486Z Deleting container: 2007eb027009_qualityiq. Retry count = 0
2026-08-02T13:29:19.0445770Z Container spec TerminationMessagePolicy  path 
2026-08-02T13:29:19.0457383Z Container is terminated. Total time elapsed: 5506 ms.
2026-08-02T13:29:19.0458743Z Site: qualityiq stopped.
2026-08-02T13:29:39.8922848Z State: Starting, Action: EstablishingSiteNetworks, LastError: SiteStartupCancelled, LastErrorTimestamp: 08/02/2026 13:28:44, LastErrorDetails: Site stopped manually or container terminated, Details: Site stopped at 08/02/2026 13:28:52 (UTC), DetailsLevel: ERR
2026-08-02T13:29:41.6455144Z State: Starting, Action: StartingSiteContainers, LastError: SiteStartupCancelled, LastErrorTimestamp: 08/02/2026 13:28:44, LastErrorDetails: Site stopped manually or container terminated, Details: Site stopped at 08/02/2026 13:28:52 (UTC), DetailsLevel: ERR
2026-08-02T13:29:41.6456066Z Container start method called.
2026-08-02T13:29:41.6456462Z State: Starting, Action: PullingImage, LastError: SiteStartupCancelled, LastErrorTimestamp: 08/02/2026 13:28:44, LastErrorDetails: Site stopped manually or container terminated, Details: Pulling image 10.1.0.7:13209/appsvc/php:8.2-fpm_20260428.5.tuxprod for qualityiq., DetailsLevel: INFO
2026-08-02T13:29:41.6457013Z Establishing network.
2026-08-02T13:29:41.6457772Z Pulling image: appsvc/php:8.2-fpm_20260428.5.tuxprod.
2026-08-02T13:29:41.9924010Z Container is starting.
2026-08-02T13:29:41.9925369Z State: Starting, Action: MountingVolumes, LastError: SiteStartupCancelled, LastErrorTimestamp: 08/02/2026 13:28:44, LastErrorDetails: Site stopped manually or container terminated, Details: Mounting volumes for qualityiq., DetailsLevel: INFO
2026-08-02T13:29:41.9926427Z Establishing user namespace if not established already.
2026-08-02T13:29:41.9927548Z Establishing network if not established already.
2026-08-02T13:29:41.9986747Z Mounting volumes.
2026-08-02T13:29:41.9988342Z Nested mountpoint 
2026-08-02T13:29:42.0023676Z Nested mountpoint volatile/logs
2026-08-02T13:29:42.0296212Z Nested mountpoint 
2026-08-02T13:29:42.0492861Z Nested mountpoint 
2026-08-02T13:29:42.1473546Z State: Starting, Action: CreatingContainer, LastError: SiteStartupCancelled, LastErrorTimestamp: 08/02/2026 13:28:44, LastErrorDetails: Site stopped manually or container terminated, Details: Finished pulling container image and mounting volumes for qualityiq. Allocatinng the rest of the container resources to finish container creation., DetailsLevel: INFO
2026-08-02T13:29:42.1475682Z Creating container.
2026-08-02T13:29:42.1477046Z Creating pipes for streaming container io.
2026-08-02T13:29:42.1493102Z Creating stdout named pipe at /podr/container/pipe/3bfd6d4e9359_qualityiq/stdout_660fad52b7a6465e818f1a78f1fac388.
2026-08-02T13:29:42.1587709Z Successfully created stdout named pipe at: /podr/container/pipe/3bfd6d4e9359_qualityiq/stdout_660fad52b7a6465e818f1a78f1fac388.
2026-08-02T13:29:42.1589047Z Opening named pipe /podr/container/pipe/3bfd6d4e9359_qualityiq/stdout_660fad52b7a6465e818f1a78f1fac388 for reading in non-blocking mode.
2026-08-02T13:29:42.1590370Z Successfully opened named pipe: /podr/container/pipe/3bfd6d4e9359_qualityiq/stdout_660fad52b7a6465e818f1a78f1fac388.
2026-08-02T13:29:42.1591427Z Successfully removed non-blocking flag from /podr/container/pipe/3bfd6d4e9359_qualityiq/stdout_660fad52b7a6465e818f1a78f1fac388.
2026-08-02T13:29:42.1605642Z Creating stderr named pipe at /podr/container/pipe/3bfd6d4e9359_qualityiq/stderr_99ccbb751b15486aaa02d484b09b92a4.
2026-08-02T13:29:42.1887211Z Successfully created stderr named pipe at: /podr/container/pipe/3bfd6d4e9359_qualityiq/stderr_99ccbb751b15486aaa02d484b09b92a4.
2026-08-02T13:29:42.1888408Z Opening named pipe /podr/container/pipe/3bfd6d4e9359_qualityiq/stderr_99ccbb751b15486aaa02d484b09b92a4 for reading in non-blocking mode.
2026-08-02T13:29:42.1889651Z Successfully opened named pipe: /podr/container/pipe/3bfd6d4e9359_qualityiq/stderr_99ccbb751b15486aaa02d484b09b92a4.
2026-08-02T13:29:42.1890173Z Successfully removed non-blocking flag from /podr/container/pipe/3bfd6d4e9359_qualityiq/stderr_99ccbb751b15486aaa02d484b09b92a4.
2026-08-02T13:29:42.1891690Z Creating container with image: appsvc/php:8.2-fpm_20260428.5.tuxprod from registry: 10.1.0.7:13209 and fully qualified image name: 10.1.0.7:13209/appsvc/php:8.2-fpm_20260428.5.tuxprod
2026-08-02T13:29:42.8406612Z Starting container: 3bfd6d4e9359_qualityiq.
2026-08-02T13:29:42.9506394Z Starting watchers and probes.
2026-08-02T13:29:42.9607719Z Starting metrics collection.
2026-08-02T13:29:42.9625325Z Container is running.
2026-08-02T13:29:42.9628260Z State: Starting, Action: CreatingContainer, LastError: SiteStartupCancelled, LastErrorTimestamp: 08/02/2026 13:28:44, LastErrorDetails: Site stopped manually or container terminated, Details: Container qualityiq successfully created and is running., DetailsLevel: INFO
2026-08-02T13:29:43.2483805Z Container start method finished after 1602 ms.
2026-08-02T13:29:43.2514233Z State: Starting, Action: InitiatingSiteWarmUpProbe, LastError: SiteStartupCancelled, LastErrorTimestamp: 08/02/2026 13:28:44, LastErrorDetails: Site stopped manually or container terminated, Details: Container qualityiq successfully created and is running., DetailsLevel: INFO
2026-08-02T13:29:43.2514579Z State: Starting, Action: WaitingForSiteWarmUpProbeSuccess, LastError: SiteStartupCancelled, LastErrorTimestamp: 08/02/2026 13:28:44, LastErrorDetails: Site stopped manually or container terminated, Details: Pinging warmup path to ensure container is ready to receive requests., DetailsLevel: INFO
2026-08-02T13:30:21.3906374Z Site startup probe succeeded after 38.0346822 seconds.
2026-08-02T13:30:21.5502184Z State: Starting, Action: WarmUpProbeSucceeded, LastError: SiteStartupCancelled, LastErrorTimestamp: 08/02/2026 13:28:44, LastErrorDetails: Site stopped manually or container terminated, Details: Site startup probe succeeded after 38.0346822 seconds., DetailsLevel: INFO
2026-08-02T13:30:21.8529683Z Site is running with deployment version: d95a1064-c805-4155-9b38-abcc67332b00
2026-08-02T13:30:21.8604797Z Site started.
2026-08-02T13:30:21.8610665Z State: Started, Action: None, LastError: SiteStartupCancelled, LastErrorTimestamp: 08/02/2026 13:28:44, LastErrorDetails: Site stopped manually or container terminated, Details: Site started at 08/02/2026 13:30:21 (UTC), DetailsLevel: INFO
2026-08-02T13:30:21.8627020Z Site is running with patch version PHP-8.2.30
2026-08-02T13:30:28.1190277Z State: Starting, Action: EstablishingSiteNetworks, LastError: , LastErrorTimestamp: 01/01/0001 00:00:00, LastErrorDetails: , Details: , DetailsLevel: INFO
2026-08-02T13:30:32.3681624Z State: Starting, Action: StartingSiteContainers, LastError: , LastErrorTimestamp: 01/01/0001 00:00:00, LastErrorDetails: , Details: , DetailsLevel: INFO
2026-08-02T13:30:32.3682546Z Container start method called.
2026-08-02T13:30:32.3682950Z State: Starting, Action: PullingImage, LastError: , LastErrorTimestamp: 01/01/0001 00:00:00, LastErrorDetails: , Details: Pulling image 10.1.0.5:13209/appsvc/php:8.2-fpm_20260428.5.tuxprod for qualityiq., DetailsLevel: INFO
2026-08-02T13:30:32.3683510Z Establishing network.
2026-08-02T13:30:32.3684351Z Pulling image: appsvc/php:8.2-fpm_20260428.5.tuxprod.
2026-08-02T13:30:33.2520276Z Container is starting.
2026-08-02T13:30:33.2521419Z State: Starting, Action: MountingVolumes, LastError: , LastErrorTimestamp: 01/01/0001 00:00:00, LastErrorDetails: , Details: Mounting volumes for qualityiq., DetailsLevel: INFO
2026-08-02T13:30:33.2522208Z Establishing user namespace if not established already.
2026-08-02T13:30:33.2522802Z Establishing network if not established already.
2026-08-02T13:30:33.2523718Z Mounting volumes.
2026-08-02T13:30:33.2524651Z Nested mountpoint 
2026-08-02T13:30:33.3548637Z Nested mountpoint volatile/logs
2026-08-02T13:30:33.4014217Z Nested mountpoint 
2026-08-02T13:30:33.4386783Z Nested mountpoint 
2026-08-02T13:30:33.7513098Z State: Starting, Action: CreatingContainer, LastError: , LastErrorTimestamp: 01/01/0001 00:00:00, LastErrorDetails: , Details: Finished pulling container image and mounting volumes for qualityiq. Allocatinng the rest of the container resources to finish container creation., DetailsLevel: INFO
2026-08-02T13:30:33.7605652Z Creating container.
2026-08-02T13:30:33.7607823Z Creating pipes for streaming container io.
2026-08-02T13:30:33.7608536Z Creating stdout named pipe at /podr/container/pipe/a2410d4deffd_qualityiq/stdout_db9f64230513406895a4fe993515b372.
2026-08-02T13:30:33.7610529Z Successfully created stdout named pipe at: /podr/container/pipe/a2410d4deffd_qualityiq/stdout_db9f64230513406895a4fe993515b372.
2026-08-02T13:30:33.7781635Z Opening named pipe /podr/container/pipe/a2410d4deffd_qualityiq/stdout_db9f64230513406895a4fe993515b372 for reading in non-blocking mode.
2026-08-02T13:30:33.8084829Z Successfully opened named pipe: /podr/container/pipe/a2410d4deffd_qualityiq/stdout_db9f64230513406895a4fe993515b372.
2026-08-02T13:30:33.8331875Z Successfully removed non-blocking flag from /podr/container/pipe/a2410d4deffd_qualityiq/stdout_db9f64230513406895a4fe993515b372.
2026-08-02T13:30:33.8338412Z Creating stderr named pipe at /podr/container/pipe/a2410d4deffd_qualityiq/stderr_7a0a4831d3d24df6b48c1fe7ebd57962.
2026-08-02T13:30:33.8347471Z Successfully created stderr named pipe at: /podr/container/pipe/a2410d4deffd_qualityiq/stderr_7a0a4831d3d24df6b48c1fe7ebd57962.
2026-08-02T13:30:33.8348416Z Opening named pipe /podr/container/pipe/a2410d4deffd_qualityiq/stderr_7a0a4831d3d24df6b48c1fe7ebd57962 for reading in non-blocking mode.
2026-08-02T13:30:33.8349341Z Successfully opened named pipe: /podr/container/pipe/a2410d4deffd_qualityiq/stderr_7a0a4831d3d24df6b48c1fe7ebd57962.
2026-08-02T13:30:33.8349913Z Successfully removed non-blocking flag from /podr/container/pipe/a2410d4deffd_qualityiq/stderr_7a0a4831d3d24df6b48c1fe7ebd57962.
2026-08-02T13:30:33.8526746Z Creating container with image: appsvc/php:8.2-fpm_20260428.5.tuxprod from registry: 10.1.0.5:13209 and fully qualified image name: 10.1.0.5:13209/appsvc/php:8.2-fpm_20260428.5.tuxprod
2026-08-02T13:30:36.4431706Z Starting container: a2410d4deffd_qualityiq.
2026-08-02T13:30:36.6644747Z Starting watchers and probes.
2026-08-02T13:30:36.6648245Z Starting metrics collection.
2026-08-02T13:30:36.6649601Z Container is running.
2026-08-02T13:30:36.6926527Z State: Starting, Action: CreatingContainer, LastError: , LastErrorTimestamp: 01/01/0001 00:00:00, LastErrorDetails: , Details: Container qualityiq successfully created and is running., DetailsLevel: INFO
2026-08-02T13:30:37.0470285Z Container start method finished after 4678 ms.
2026-08-02T13:30:37.0472031Z State: Starting, Action: InitiatingSiteWarmUpProbe, LastError: , LastErrorTimestamp: 01/01/0001 00:00:00, LastErrorDetails: , Details: Container qualityiq successfully created and is running., DetailsLevel: INFO
2026-08-02T13:30:37.0472326Z State: Starting, Action: WaitingForSiteWarmUpProbeSuccess, LastError: , LastErrorTimestamp: 01/01/0001 00:00:00, LastErrorDetails: , Details: Pinging warmup path to ensure container is ready to receive requests., DetailsLevel: INFO
2026-08-02T13:31:32.1086803Z Site startup probe succeeded after 55.054214 seconds.
2026-08-02T13:31:32.4671686Z State: Starting, Action: WarmUpProbeSucceeded, LastError: , LastErrorTimestamp: 01/01/0001 00:00:00, LastErrorDetails: , Details: Site startup probe succeeded after 55.054214 seconds., DetailsLevel: INFO
2026-08-02T13:31:33.7597336Z Site is running with deployment version: d95a1064-c805-4155-9b38-abcc67332b00
2026-08-02T13:31:33.7599149Z Site started.
2026-08-02T13:31:33.7599986Z State: Started, Action: None, LastError: , LastErrorTimestamp: 01/01/0001 00:00:00, LastErrorDetails: , Details: Site started at 08/02/2026 13:31:33 (UTC), DetailsLevel: INFO
2026-08-02T13:31:33.7608203Z Site is running with patch version PHP-8.2.30
2026-08-02T13:31:54.0112912Z State: Stopping, Action: StoppingSite, LastError: SiteStartupCancelled, LastErrorTimestamp: 08/02/2026 13:28:44, LastErrorDetails: Site stopped manually or container terminated, Details: Site started at 08/02/2026 13:30:21 (UTC), DetailsLevel: INFO
2026-08-02T13:31:54.0130385Z State: Stopping, Action: StoppingSiteContainers, LastError: SiteStartupCancelled, LastErrorTimestamp: 08/02/2026 13:28:44, LastErrorDetails: Site stopped manually or container terminated, Details: Site started at 08/02/2026 13:30:21 (UTC), DetailsLevel: INFO
2026-08-02T13:31:54.0135073Z Container is terminating. Grace period: 5 seconds.
2026-08-02T13:31:54.0793417Z Stop and delete container. Retry count = 0
2026-08-02T13:31:54.0794569Z Stopping container: 3bfd6d4e9359_qualityiq.
2026-08-02T13:31:59.4103242Z Deleting container: 3bfd6d4e9359_qualityiq. Retry count = 0
2026-08-02T13:32:00.1319214Z Container spec TerminationMessagePolicy  path 
2026-08-02T13:32:00.1609245Z Container is terminated. Total time elapsed: 6145 ms.
2026-08-02T13:32:00.1611071Z Site: qualityiq stopped.
2026-08-02T13:34:23.0784158Z State: Starting, Action: EstablishingSiteNetworks, LastError: , LastErrorTimestamp: 01/01/0001 00:00:00, LastErrorDetails: , Details: , DetailsLevel: INFO
2026-08-02T13:34:27.4390779Z State: Starting, Action: StartingSiteContainers, LastError: , LastErrorTimestamp: 01/01/0001 00:00:00, LastErrorDetails: , Details: , DetailsLevel: INFO
2026-08-02T13:34:27.4759671Z Container start method called.
2026-08-02T13:34:27.4765641Z State: Starting, Action: PullingImage, LastError: , LastErrorTimestamp: 01/01/0001 00:00:00, LastErrorDetails: , Details: Pulling image 10.1.0.7:13209/appsvc/php:8.2-fpm_20260428.5.tuxprod for qualityiq., DetailsLevel: INFO
2026-08-02T13:34:27.4768808Z Establishing network.
2026-08-02T13:34:27.4869546Z Pulling image: appsvc/php:8.2-fpm_20260428.5.tuxprod.
2026-08-02T13:34:28.1005907Z Container is starting.
2026-08-02T13:34:28.1009543Z State: Starting, Action: MountingVolumes, LastError: , LastErrorTimestamp: 01/01/0001 00:00:00, LastErrorDetails: , Details: Mounting volumes for qualityiq., DetailsLevel: INFO
2026-08-02T13:34:28.1014091Z Establishing user namespace if not established already.
2026-08-02T13:34:28.1103275Z Establishing network if not established already.
2026-08-02T13:34:28.1106315Z Mounting volumes.
2026-08-02T13:34:28.1187613Z Nested mountpoint 
2026-08-02T13:34:28.2092787Z Nested mountpoint volatile/logs
2026-08-02T13:34:28.2301180Z Nested mountpoint 
2026-08-02T13:34:28.2896980Z Nested mountpoint 
2026-08-02T13:34:28.5336561Z State: Starting, Action: CreatingContainer, LastError: , LastErrorTimestamp: 01/01/0001 00:00:00, LastErrorDetails: , Details: Finished pulling container image and mounting volumes for qualityiq. Allocatinng the rest of the container resources to finish container creation., DetailsLevel: INFO
2026-08-02T13:34:28.5337619Z Creating container.
2026-08-02T13:34:28.5338298Z Creating pipes for streaming container io.
2026-08-02T13:34:28.5338839Z Creating stdout named pipe at /podr/container/pipe/dea7303764ed_qualityiq/stdout_655f3b9e02a04a81bad323a408e630bd.
2026-08-02T13:34:28.5809124Z Successfully created stdout named pipe at: /podr/container/pipe/dea7303764ed_qualityiq/stdout_655f3b9e02a04a81bad323a408e630bd.
2026-08-02T13:34:28.5810648Z Opening named pipe /podr/container/pipe/dea7303764ed_qualityiq/stdout_655f3b9e02a04a81bad323a408e630bd for reading in non-blocking mode.
2026-08-02T13:34:28.6481856Z Successfully opened named pipe: /podr/container/pipe/dea7303764ed_qualityiq/stdout_655f3b9e02a04a81bad323a408e630bd.
2026-08-02T13:34:28.6574349Z Successfully removed non-blocking flag from /podr/container/pipe/dea7303764ed_qualityiq/stdout_655f3b9e02a04a81bad323a408e630bd.
2026-08-02T13:34:28.6584559Z Creating stderr named pipe at /podr/container/pipe/dea7303764ed_qualityiq/stderr_c653847f2e914311bda8e987e061c529.
2026-08-02T13:34:28.6709022Z Successfully created stderr named pipe at: /podr/container/pipe/dea7303764ed_qualityiq/stderr_c653847f2e914311bda8e987e061c529.
2026-08-02T13:34:28.6868852Z Opening named pipe /podr/container/pipe/dea7303764ed_qualityiq/stderr_c653847f2e914311bda8e987e061c529 for reading in non-blocking mode.
2026-08-02T13:34:28.6874535Z Successfully opened named pipe: /podr/container/pipe/dea7303764ed_qualityiq/stderr_c653847f2e914311bda8e987e061c529.
2026-08-02T13:34:28.6876562Z Successfully removed non-blocking flag from /podr/container/pipe/dea7303764ed_qualityiq/stderr_c653847f2e914311bda8e987e061c529.
2026-08-02T13:34:28.7027151Z Creating container with image: appsvc/php:8.2-fpm_20260428.5.tuxprod from registry: 10.1.0.7:13209 and fully qualified image name: 10.1.0.7:13209/appsvc/php:8.2-fpm_20260428.5.tuxprod
2026-08-02T13:34:30.2235380Z Starting container: dea7303764ed_qualityiq.
2026-08-02T13:34:30.2996103Z Starting watchers and probes.
2026-08-02T13:34:30.3152387Z Starting metrics collection.
2026-08-02T13:34:30.3156241Z Container is running.
2026-08-02T13:34:30.3157148Z State: Starting, Action: CreatingContainer, LastError: , LastErrorTimestamp: 01/01/0001 00:00:00, LastErrorDetails: , Details: Container qualityiq successfully created and is running., DetailsLevel: INFO
2026-08-02T13:34:30.4959357Z Container start method finished after 3018 ms.
2026-08-02T13:34:30.5249507Z State: Starting, Action: InitiatingSiteWarmUpProbe, LastError: , LastErrorTimestamp: 01/01/0001 00:00:00, LastErrorDetails: , Details: Container qualityiq successfully created and is running., DetailsLevel: INFO
2026-08-02T13:34:30.5249981Z State: Starting, Action: WaitingForSiteWarmUpProbeSuccess, LastError: , LastErrorTimestamp: 01/01/0001 00:00:00, LastErrorDetails: , Details: Pinging warmup path to ensure container is ready to receive requests., DetailsLevel: INFO
2026-08-02T13:35:04.7069112Z Site startup probe succeeded after 34.0762237 seconds.
2026-08-02T13:35:04.9809177Z State: Starting, Action: WarmUpProbeSucceeded, LastError: , LastErrorTimestamp: 01/01/0001 00:00:00, LastErrorDetails: , Details: Site startup probe succeeded after 34.0762237 seconds., DetailsLevel: INFO
2026-08-02T13:35:05.6731734Z Site is running with deployment version: 0d4f0707-a37e-4ef0-9b6c-7f39637995bf
2026-08-02T13:35:05.6809726Z Site started.
2026-08-02T13:35:05.6815112Z State: Started, Action: None, LastError: , LastErrorTimestamp: 01/01/0001 00:00:00, LastErrorDetails: , Details: Site started at 08/02/2026 13:35:05 (UTC), DetailsLevel: INFO
2026-08-02T13:35:05.6830990Z Site is running with patch version PHP-8.2.30
2026-08-02T13:35:25.9281587Z State: Stopping, Action: StoppingSite, LastError: SiteStartupCancelled, LastErrorTimestamp: 08/02/2026 13:28:44, LastErrorDetails: Site stopped manually or container terminated, Details: Site started at 08/02/2026 13:31:33 (UTC), DetailsLevel: INFO
2026-08-02T13:35:25.9355423Z State: Stopping, Action: StoppingSiteContainers, LastError: SiteStartupCancelled, LastErrorTimestamp: 08/02/2026 13:28:44, LastErrorDetails: Site stopped manually or container terminated, Details: Site started at 08/02/2026 13:31:33 (UTC), DetailsLevel: INFO
2026-08-02T13:35:25.9356833Z Container is terminating. Grace period: 5 seconds.
2026-08-02T13:35:25.9909555Z Stop and delete container. Retry count = 0
2026-08-02T13:35:25.9936766Z Stopping container: a2410d4deffd_qualityiq.
2026-08-02T13:35:31.1225521Z Deleting container: a2410d4deffd_qualityiq. Retry count = 0
2026-08-02T13:35:31.4281312Z Container spec TerminationMessagePolicy  path 
2026-08-02T13:35:31.4294425Z Container is terminated. Total time elapsed: 5492 ms.
2026-08-02T13:35:31.4295733Z Site: qualityiq stopped.
2026-08-02T13:38:17.5765261Z State: Starting, Action: EstablishingSiteNetworks, LastError: , LastErrorTimestamp: 01/01/0001 00:00:00, LastErrorDetails: , Details: , DetailsLevel: INFO
2026-08-02T13:38:19.5256588Z State: Starting, Action: StartingSiteContainers, LastError: , LastErrorTimestamp: 01/01/0001 00:00:00, LastErrorDetails: , Details: , DetailsLevel: INFO
2026-08-02T13:38:19.5258955Z Container start method called.
2026-08-02T13:38:19.5259461Z State: Starting, Action: PullingImage, LastError: , LastErrorTimestamp: 01/01/0001 00:00:00, LastErrorDetails: , Details: Pulling image 10.1.0.5:13209/appsvc/php:8.2-fpm_20260428.5.tuxprod for qualityiq., DetailsLevel: INFO
2026-08-02T13:38:19.5260119Z Establishing network.
2026-08-02T13:38:19.5325019Z Pulling image: appsvc/php:8.2-fpm_20260428.5.tuxprod.
2026-08-02T13:38:19.9445832Z Container is starting.
2026-08-02T13:38:19.9455268Z State: Starting, Action: MountingVolumes, LastError: , LastErrorTimestamp: 01/01/0001 00:00:00, LastErrorDetails: , Details: Mounting volumes for qualityiq., DetailsLevel: INFO
2026-08-02T13:38:19.9456339Z Establishing user namespace if not established already.
2026-08-02T13:38:19.9457404Z Establishing network if not established already.
2026-08-02T13:38:19.9458385Z Mounting volumes.
2026-08-02T13:38:19.9541537Z Nested mountpoint 
2026-08-02T13:38:19.9746262Z Nested mountpoint volatile/logs
2026-08-02T13:38:20.2534917Z Nested mountpoint 
2026-08-02T13:38:20.3454089Z Nested mountpoint 
2026-08-02T13:38:20.5497574Z State: Starting, Action: CreatingContainer, LastError: , LastErrorTimestamp: 01/01/0001 00:00:00, LastErrorDetails: , Details: Finished pulling container image and mounting volumes for qualityiq. Allocatinng the rest of the container resources to finish container creation., DetailsLevel: INFO
2026-08-02T13:38:20.5580149Z Creating container.
2026-08-02T13:38:20.5581320Z Creating pipes for streaming container io.
2026-08-02T13:38:20.5588016Z Creating stdout named pipe at /podr/container/pipe/7d173f316296_qualityiq/stdout_285f46d11de94ebc8e546cb39c2926fe.
2026-08-02T13:38:20.5679949Z Successfully created stdout named pipe at: /podr/container/pipe/7d173f316296_qualityiq/stdout_285f46d11de94ebc8e546cb39c2926fe.
2026-08-02T13:38:20.5682148Z Opening named pipe /podr/container/pipe/7d173f316296_qualityiq/stdout_285f46d11de94ebc8e546cb39c2926fe for reading in non-blocking mode.
2026-08-02T13:38:20.5687467Z Successfully opened named pipe: /podr/container/pipe/7d173f316296_qualityiq/stdout_285f46d11de94ebc8e546cb39c2926fe.
2026-08-02T13:38:20.5785172Z Successfully removed non-blocking flag from /podr/container/pipe/7d173f316296_qualityiq/stdout_285f46d11de94ebc8e546cb39c2926fe.
2026-08-02T13:38:20.5863644Z Creating stderr named pipe at /podr/container/pipe/7d173f316296_qualityiq/stderr_409cafce3d044b03b718cd829ec3d80f.
2026-08-02T13:38:20.5878905Z Successfully created stderr named pipe at: /podr/container/pipe/7d173f316296_qualityiq/stderr_409cafce3d044b03b718cd829ec3d80f.
2026-08-02T13:38:20.5880104Z Opening named pipe /podr/container/pipe/7d173f316296_qualityiq/stderr_409cafce3d044b03b718cd829ec3d80f for reading in non-blocking mode.
2026-08-02T13:38:20.5881172Z Successfully opened named pipe: /podr/container/pipe/7d173f316296_qualityiq/stderr_409cafce3d044b03b718cd829ec3d80f.
2026-08-02T13:38:20.5881790Z Successfully removed non-blocking flag from /podr/container/pipe/7d173f316296_qualityiq/stderr_409cafce3d044b03b718cd829ec3d80f.
2026-08-02T13:38:20.5962451Z Creating container with image: appsvc/php:8.2-fpm_20260428.5.tuxprod from registry: 10.1.0.5:13209 and fully qualified image name: 10.1.0.5:13209/appsvc/php:8.2-fpm_20260428.5.tuxprod
2026-08-02T13:38:21.4140187Z Starting container: 7d173f316296_qualityiq.
2026-08-02T13:38:21.4968407Z Starting watchers and probes.
2026-08-02T13:38:21.5030292Z Starting metrics collection.
2026-08-02T13:38:21.5035539Z Container is running.
2026-08-02T13:38:21.5041843Z State: Starting, Action: CreatingContainer, LastError: , LastErrorTimestamp: 01/01/0001 00:00:00, LastErrorDetails: , Details: Container qualityiq successfully created and is running., DetailsLevel: INFO
2026-08-02T13:38:21.6332702Z Container start method finished after 2098 ms.
2026-08-02T13:38:21.6492006Z State: Starting, Action: InitiatingSiteWarmUpProbe, LastError: , LastErrorTimestamp: 01/01/0001 00:00:00, LastErrorDetails: , Details: Container qualityiq successfully created and is running., DetailsLevel: INFO
2026-08-02T13:38:21.6498885Z State: Starting, Action: WaitingForSiteWarmUpProbeSuccess, LastError: , LastErrorTimestamp: 01/01/0001 00:00:00, LastErrorDetails: , Details: Pinging warmup path to ensure container is ready to receive requests., DetailsLevel: INFO
2026-08-02T13:38:51.7819385Z Site startup probe succeeded after 30.1043593 seconds.
2026-08-02T13:38:52.1400300Z State: Starting, Action: WarmUpProbeSucceeded, LastError: , LastErrorTimestamp: 01/01/0001 00:00:00, LastErrorDetails: , Details: Site startup probe succeeded after 30.1043593 seconds., DetailsLevel: INFO
2026-08-02T13:38:53.0186403Z Site is running with deployment version: 4845aaf4-348e-4875-a9da-765a39f898b4
2026-08-02T13:38:53.0195416Z Site started.
2026-08-02T13:38:53.0196272Z State: Started, Action: None, LastError: , LastErrorTimestamp: 01/01/0001 00:00:00, LastErrorDetails: , Details: Site started at 08/02/2026 13:38:53 (UTC), DetailsLevel: INFO
2026-08-02T13:38:53.0197834Z Site is running with patch version PHP-8.2.30
2026-08-02T13:39:13.2842605Z State: Stopping, Action: StoppingSite, LastError: SiteStartupCancelled, LastErrorTimestamp: 08/02/2026 13:28:44, LastErrorDetails: Site stopped manually or container terminated, Details: Site started at 08/02/2026 13:35:05 (UTC), DetailsLevel: INFO
2026-08-02T13:39:13.2855181Z State: Stopping, Action: StoppingSiteContainers, LastError: SiteStartupCancelled, LastErrorTimestamp: 08/02/2026 13:28:44, LastErrorDetails: Site stopped manually or container terminated, Details: Site started at 08/02/2026 13:35:05 (UTC), DetailsLevel: INFO
2026-08-02T13:39:13.2920475Z Container is terminating. Grace period: 5 seconds.
2026-08-02T13:39:13.3111975Z Stop and delete container. Retry count = 0
2026-08-02T13:39:13.3115501Z Stopping container: dea7303764ed_qualityiq.
2026-08-02T13:39:18.5794824Z Deleting container: dea7303764ed_qualityiq. Retry count = 0
2026-08-02T13:39:18.9213391Z Container spec TerminationMessagePolicy  path 
2026-08-02T13:39:18.9217032Z Container is terminated. Total time elapsed: 5629 ms.
2026-08-02T13:39:18.9218351Z Site: qualityiq stopped.
2026-08-02T13:39:58.4987279Z State: Starting, Action: EstablishingSiteNetworks, LastError: , LastErrorTimestamp: 01/01/0001 00:00:00, LastErrorDetails: , Details: , DetailsLevel: INFO
2026-08-02T13:39:58.8427634Z State: Stopping, Action: CancellingStartup, LastError: SiteStartupCancelled, LastErrorTimestamp: 08/02/2026 13:39:58, LastErrorDetails: Site stopped manually or container terminated, Details: Site stopped manually or container terminated, DetailsLevel: WARN
2026-08-02T13:39:58.9221007Z State: Stopping, Action: StoppingSite, LastError: SiteStartupCancelled, LastErrorTimestamp: 08/02/2026 13:39:58, LastErrorDetails: Site stopped manually or container terminated, Details: Site stopped manually or container terminated, DetailsLevel: WARN
2026-08-02T13:39:58.9328343Z State: Stopping, Action: StoppingSiteContainers, LastError: SiteStartupCancelled, LastErrorTimestamp: 08/02/2026 13:39:58, LastErrorDetails: Site stopped manually or container terminated, Details: Site stopped manually or container terminated, DetailsLevel: WARN
2026-08-02T13:39:58.9328589Z Site: qualityiq stopped.
2026-08-02T13:40:20.5240782Z State: Stopping, Action: StoppingSite, LastError: SiteStartupCancelled, LastErrorTimestamp: 08/02/2026 13:28:44, LastErrorDetails: Site stopped manually or container terminated, Details: Site started at 08/02/2026 13:38:53 (UTC), DetailsLevel: INFO
2026-08-02T13:40:20.5341173Z State: Stopping, Action: StoppingSiteContainers, LastError: SiteStartupCancelled, LastErrorTimestamp: 08/02/2026 13:28:44, LastErrorDetails: Site stopped manually or container terminated, Details: Site started at 08/02/2026 13:38:53 (UTC), DetailsLevel: INFO
2026-08-02T13:40:20.5342450Z Container is terminating. Grace period: 5 seconds.
2026-08-02T13:40:20.5607188Z Stop and delete container. Retry count = 0
2026-08-02T13:40:20.5625246Z Stopping container: 7d173f316296_qualityiq.
2026-08-02T13:40:25.7510829Z Deleting container: 7d173f316296_qualityiq. Retry count = 0
2026-08-02T13:40:26.1716056Z Container spec TerminationMessagePolicy  path 
2026-08-02T13:40:26.1746536Z Container is terminated. Total time elapsed: 5637 ms.
2026-08-02T13:40:26.1921309Z Site: qualityiq stopped.
2026-08-02T13:40:47.3602281Z State: Starting, Action: EstablishingSiteNetworks, LastError: SiteStartupCancelled, LastErrorTimestamp: 08/02/2026 13:39:58, LastErrorDetails: Site stopped manually or container terminated, Details: Site stopped at 08/02/2026 13:39:59 (UTC), DetailsLevel: WARN
2026-08-02T13:40:48.8878931Z State: Starting, Action: StartingSiteContainers, LastError: SiteStartupCancelled, LastErrorTimestamp: 08/02/2026 13:39:58, LastErrorDetails: Site stopped manually or container terminated, Details: Site stopped at 08/02/2026 13:39:59 (UTC), DetailsLevel: WARN
2026-08-02T13:40:48.8880598Z Container start method called.
2026-08-02T13:40:48.8881061Z State: Starting, Action: PullingImage, LastError: SiteStartupCancelled, LastErrorTimestamp: 08/02/2026 13:39:58, LastErrorDetails: Site stopped manually or container terminated, Details: Pulling image 10.1.0.5:13209/appsvc/php:8.2-fpm_20260428.5.tuxprod for qualityiq., DetailsLevel: INFO
2026-08-02T13:40:48.8881695Z Establishing network.
2026-08-02T13:40:48.8882395Z Pulling image: appsvc/php:8.2-fpm_20260428.5.tuxprod.
2026-08-02T13:40:49.7086807Z Container is starting.
2026-08-02T13:40:49.7088636Z State: Starting, Action: MountingVolumes, LastError: SiteStartupCancelled, LastErrorTimestamp: 08/02/2026 13:39:58, LastErrorDetails: Site stopped manually or container terminated, Details: Mounting volumes for qualityiq., DetailsLevel: INFO
2026-08-02T13:40:49.7093386Z Establishing user namespace if not established already.
2026-08-02T13:40:49.7095641Z Establishing network if not established already.
2026-08-02T13:40:49.7097960Z Mounting volumes.
2026-08-02T13:40:49.7099811Z Nested mountpoint 
2026-08-02T13:40:49.7584523Z Nested mountpoint volatile/logs
2026-08-02T13:40:49.7891095Z Nested mountpoint 
2026-08-02T13:40:49.7897427Z Nested mountpoint 
2026-08-02T13:40:49.8562454Z State: Starting, Action: CreatingContainer, LastError: SiteStartupCancelled, LastErrorTimestamp: 08/02/2026 13:39:58, LastErrorDetails: Site stopped manually or container terminated, Details: Finished pulling container image and mounting volumes for qualityiq. Allocatinng the rest of the container resources to finish container creation., DetailsLevel: INFO
2026-08-02T13:40:49.8637863Z Creating container.
2026-08-02T13:40:49.8647900Z Creating pipes for streaming container io.
2026-08-02T13:40:49.8653743Z Creating stdout named pipe at /podr/container/pipe/bffa36dcedbd_qualityiq/stdout_13e71a77c2c94c96b92c79c7cc10192f.
2026-08-02T13:40:49.8737729Z Successfully created stdout named pipe at: /podr/container/pipe/bffa36dcedbd_qualityiq/stdout_13e71a77c2c94c96b92c79c7cc10192f.
2026-08-02T13:40:49.8739159Z Opening named pipe /podr/container/pipe/bffa36dcedbd_qualityiq/stdout_13e71a77c2c94c96b92c79c7cc10192f for reading in non-blocking mode.
2026-08-02T13:40:49.8749294Z Successfully opened named pipe: /podr/container/pipe/bffa36dcedbd_qualityiq/stdout_13e71a77c2c94c96b92c79c7cc10192f.
2026-08-02T13:40:49.8754922Z Successfully removed non-blocking flag from /podr/container/pipe/bffa36dcedbd_qualityiq/stdout_13e71a77c2c94c96b92c79c7cc10192f.
2026-08-02T13:40:49.8767940Z Creating stderr named pipe at /podr/container/pipe/bffa36dcedbd_qualityiq/stderr_d05bba255f8c47c5be7521575af86c7f.
2026-08-02T13:40:49.8836983Z Successfully created stderr named pipe at: /podr/container/pipe/bffa36dcedbd_qualityiq/stderr_d05bba255f8c47c5be7521575af86c7f.
2026-08-02T13:40:49.8839716Z Opening named pipe /podr/container/pipe/bffa36dcedbd_qualityiq/stderr_d05bba255f8c47c5be7521575af86c7f for reading in non-blocking mode.
2026-08-02T13:40:49.8845091Z Successfully opened named pipe: /podr/container/pipe/bffa36dcedbd_qualityiq/stderr_d05bba255f8c47c5be7521575af86c7f.
2026-08-02T13:40:49.8853718Z Successfully removed non-blocking flag from /podr/container/pipe/bffa36dcedbd_qualityiq/stderr_d05bba255f8c47c5be7521575af86c7f.
2026-08-02T13:40:49.8859281Z Creating container with image: appsvc/php:8.2-fpm_20260428.5.tuxprod from registry: 10.1.0.5:13209 and fully qualified image name: 10.1.0.5:13209/appsvc/php:8.2-fpm_20260428.5.tuxprod
2026-08-02T13:40:50.4637074Z Starting container: bffa36dcedbd_qualityiq.
2026-08-02T13:40:50.5467968Z Starting watchers and probes.
2026-08-02T13:40:50.5477066Z Starting metrics collection.
2026-08-02T13:40:50.5662081Z Container is running.
2026-08-02T13:40:50.5663507Z State: Starting, Action: CreatingContainer, LastError: SiteStartupCancelled, LastErrorTimestamp: 08/02/2026 13:39:58, LastErrorDetails: Site stopped manually or container terminated, Details: Container qualityiq successfully created and is running., DetailsLevel: INFO
2026-08-02T13:40:50.6515229Z Container start method finished after 1763 ms.
2026-08-02T13:40:50.6523327Z State: Starting, Action: InitiatingSiteWarmUpProbe, LastError: SiteStartupCancelled, LastErrorTimestamp: 08/02/2026 13:39:58, LastErrorDetails: Site stopped manually or container terminated, Details: Container qualityiq successfully created and is running., DetailsLevel: INFO
2026-08-02T13:40:50.6524827Z State: Starting, Action: WaitingForSiteWarmUpProbeSuccess, LastError: SiteStartupCancelled, LastErrorTimestamp: 08/02/2026 13:39:58, LastErrorDetails: Site stopped manually or container terminated, Details: Pinging warmup path to ensure container is ready to receive requests., DetailsLevel: INFO
2026-08-02T13:41:19.7011568Z Site startup probe succeeded after 29.0290206 seconds.
2026-08-02T13:41:19.8566091Z State: Starting, Action: WarmUpProbeSucceeded, LastError: SiteStartupCancelled, LastErrorTimestamp: 08/02/2026 13:39:58, LastErrorDetails: Site stopped manually or container terminated, Details: Site startup probe succeeded after 29.0290206 seconds., DetailsLevel: INFO
2026-08-02T13:41:20.1291234Z Site is running with deployment version: 4845aaf4-348e-4875-a9da-765a39f898b4
2026-08-02T13:41:20.1300694Z Site started.
2026-08-02T13:41:20.1308596Z State: Started, Action: None, LastError: SiteStartupCancelled, LastErrorTimestamp: 08/02/2026 13:39:58, LastErrorDetails: Site stopped manually or container terminated, Details: Site started at 08/02/2026 13:41:20 (UTC), DetailsLevel: INFO
2026-08-02T13:41:20.1849687Z Site is running with patch version PHP-8.2.30
2026-08-02T13:41:48.2991161Z State: Starting, Action: EstablishingSiteNetworks, LastError: , LastErrorTimestamp: 01/01/0001 00:00:00, LastErrorDetails: , Details: , DetailsLevel: INFO
2026-08-02T13:41:49.5932949Z State: Starting, Action: StartingSiteContainers, LastError: , LastErrorTimestamp: 01/01/0001 00:00:00, LastErrorDetails: , Details: , DetailsLevel: INFO
2026-08-02T13:41:49.5934521Z Container start method called.
2026-08-02T13:41:49.5934961Z State: Starting, Action: PullingImage, LastError: , LastErrorTimestamp: 01/01/0001 00:00:00, LastErrorDetails: , Details: Pulling image 10.1.0.7:13209/appsvc/php:8.2-fpm_20260428.5.tuxprod for qualityiq., DetailsLevel: INFO
2026-08-02T13:41:49.5935574Z Establishing network.
2026-08-02T13:41:49.5936403Z Pulling image: appsvc/php:8.2-fpm_20260428.5.tuxprod.
2026-08-02T13:41:49.9393786Z Container is starting.
2026-08-02T13:41:49.9394586Z State: Starting, Action: MountingVolumes, LastError: , LastErrorTimestamp: 01/01/0001 00:00:00, LastErrorDetails: , Details: Mounting volumes for qualityiq., DetailsLevel: INFO
2026-08-02T13:41:49.9395135Z Establishing user namespace if not established already.
2026-08-02T13:41:49.9395773Z Establishing network if not established already.
2026-08-02T13:41:49.9396528Z Mounting volumes.
2026-08-02T13:41:49.9397383Z Nested mountpoint 
2026-08-02T13:41:49.9650476Z Nested mountpoint volatile/logs
2026-08-02T13:41:50.0272604Z Nested mountpoint 
2026-08-02T13:41:50.0648417Z Nested mountpoint 
2026-08-02T13:41:50.1503729Z State: Starting, Action: CreatingContainer, LastError: , LastErrorTimestamp: 01/01/0001 00:00:00, LastErrorDetails: , Details: Finished pulling container image and mounting volumes for qualityiq. Allocatinng the rest of the container resources to finish container creation., DetailsLevel: INFO
2026-08-02T13:41:50.1504550Z Creating container.
2026-08-02T13:41:50.1505165Z Creating pipes for streaming container io.
2026-08-02T13:41:50.1505795Z Creating stdout named pipe at /podr/container/pipe/3c6af649d757_qualityiq/stdout_b4cf460ae42341e3873e24629533a191.
2026-08-02T13:41:50.1507239Z Successfully created stdout named pipe at: /podr/container/pipe/3c6af649d757_qualityiq/stdout_b4cf460ae42341e3873e24629533a191.
2026-08-02T13:41:50.1507719Z Opening named pipe /podr/container/pipe/3c6af649d757_qualityiq/stdout_b4cf460ae42341e3873e24629533a191 for reading in non-blocking mode.
2026-08-02T13:41:50.1508490Z Successfully opened named pipe: /podr/container/pipe/3c6af649d757_qualityiq/stdout_b4cf460ae42341e3873e24629533a191.
2026-08-02T13:41:50.1509119Z Successfully removed non-blocking flag from /podr/container/pipe/3c6af649d757_qualityiq/stdout_b4cf460ae42341e3873e24629533a191.
2026-08-02T13:41:50.1975370Z Creating stderr named pipe at /podr/container/pipe/3c6af649d757_qualityiq/stderr_2aad93623d1c4af2b7162373787dc85c.
2026-08-02T13:41:50.1978418Z Successfully created stderr named pipe at: /podr/container/pipe/3c6af649d757_qualityiq/stderr_2aad93623d1c4af2b7162373787dc85c.
2026-08-02T13:41:50.1979087Z Opening named pipe /podr/container/pipe/3c6af649d757_qualityiq/stderr_2aad93623d1c4af2b7162373787dc85c for reading in non-blocking mode.
2026-08-02T13:41:50.1979976Z Successfully opened named pipe: /podr/container/pipe/3c6af649d757_qualityiq/stderr_2aad93623d1c4af2b7162373787dc85c.
2026-08-02T13:41:50.1980525Z Successfully removed non-blocking flag from /podr/container/pipe/3c6af649d757_qualityiq/stderr_2aad93623d1c4af2b7162373787dc85c.
2026-08-02T13:41:50.1982225Z Creating container with image: appsvc/php:8.2-fpm_20260428.5.tuxprod from registry: 10.1.0.7:13209 and fully qualified image name: 10.1.0.7:13209/appsvc/php:8.2-fpm_20260428.5.tuxprod
2026-08-02T13:41:51.2260617Z Starting container: 3c6af649d757_qualityiq.
2026-08-02T13:41:51.3106922Z Starting watchers and probes.
2026-08-02T13:41:51.3109645Z Starting metrics collection.
2026-08-02T13:41:51.3110563Z Container is running.
2026-08-02T13:41:51.3111705Z State: Starting, Action: CreatingContainer, LastError: , LastErrorTimestamp: 01/01/0001 00:00:00, LastErrorDetails: , Details: Container qualityiq successfully created and is running., DetailsLevel: INFO
2026-08-02T13:41:51.5276807Z Container start method finished after 1915 ms.
2026-08-02T13:41:51.5338229Z State: Starting, Action: InitiatingSiteWarmUpProbe, LastError: , LastErrorTimestamp: 01/01/0001 00:00:00, LastErrorDetails: , Details: Container qualityiq successfully created and is running., DetailsLevel: INFO
2026-08-02T13:41:51.5338603Z State: Starting, Action: WaitingForSiteWarmUpProbeSuccess, LastError: , LastErrorTimestamp: 01/01/0001 00:00:00, LastErrorDetails: , Details: Pinging warmup path to ensure container is ready to receive requests., DetailsLevel: INFO
2026-08-02T13:42:40.8114713Z Site startup probe succeeded after 49.255567 seconds.
2026-08-02T13:42:41.1177676Z State: Starting, Action: WarmUpProbeSucceeded, LastError: , LastErrorTimestamp: 01/01/0001 00:00:00, LastErrorDetails: , Details: Site startup probe succeeded after 49.255567 seconds., DetailsLevel: INFO
2026-08-02T13:42:41.6869277Z Site is running with deployment version: 4845aaf4-348e-4875-a9da-765a39f898b4
2026-08-02T13:42:41.6952581Z Site started.
2026-08-02T13:42:41.7129174Z State: Started, Action: None, LastError: , LastErrorTimestamp: 01/01/0001 00:00:00, LastErrorDetails: , Details: Site started at 08/02/2026 13:42:41 (UTC), DetailsLevel: INFO
2026-08-02T13:42:41.7156393Z Site is running with patch version PHP-8.2.30
2026-08-02T13:43:01.9156057Z State: Stopping, Action: StoppingSite, LastError: SiteStartupCancelled, LastErrorTimestamp: 08/02/2026 13:39:58, LastErrorDetails: Site stopped manually or container terminated, Details: Site started at 08/02/2026 13:41:20 (UTC), DetailsLevel: INFO
2026-08-02T13:43:01.9244442Z State: Stopping, Action: StoppingSiteContainers, LastError: SiteStartupCancelled, LastErrorTimestamp: 08/02/2026 13:39:58, LastErrorDetails: Site stopped manually or container terminated, Details: Site started at 08/02/2026 13:41:20 (UTC), DetailsLevel: INFO
2026-08-02T13:43:01.9245454Z Container is terminating. Grace period: 5 seconds.
2026-08-02T13:43:01.9450500Z Stop and delete container. Retry count = 0
2026-08-02T13:43:01.9452059Z Stopping container: bffa36dcedbd_qualityiq.
2026-08-02T13:43:07.9019777Z Deleting container: bffa36dcedbd_qualityiq. Retry count = 0
2026-08-02T13:43:08.2364884Z Container spec TerminationMessagePolicy  path 
2026-08-02T13:43:08.2366654Z Container is terminated. Total time elapsed: 6311 ms.
2026-08-02T13:43:08.2368182Z Site: qualityiq stopped.
